기준일자|노선명|전환_노선ID|승차_정류장순번|승차_정류장ARS|승차_정류장표준코드|승차_정류장명|하차_정류장순번|하차_정류장ARS|하차_정류장표준코드|하차_정류장명|승객수
|40||1|03252|102000158|신용산지하차도|4|03122||한강대교북단|4,,
|40||1|03252|102000158|신용산지하차도|1|03252|102000158|신용산지하차도|2,,
|40||1|03252|102000158|신용산지하차도|3|03256|102000162|용산푸르지오써밋|2,,
|40||1|03252|102000158|신용산지하차도|7|20115|119000025|노량진역2번출구|1,,
|40||1|03252|102000158|신용산지하차도|6|20119|119000027|사육신공원|2,,
|40||1|03252|102000158|신용산지하차도|5|20121|119000028|노들역|8,,
|40||1|03252|102000158|신용산지하차도|10|20152|119000059|동작구청.동작보건소건강관리청|3,,
|40||1|03252|102000158|신용산지하차도|11|20154|119000061|상도노빌리티아파트|4,,
|40||1|03252|102000158|신용산지하차도|13|20162|119000069|상도동중앙하이츠빌.상도전통시장|1,,
|40||1|03252|102000158|신용산지하차도|14|20164|119000071|숭실대입구역|2,,
|40||1|03252|102000158|신용산지하차도|15|20169|119000076|숭실대중문앞|1,,
|40||1|03252|102000158|신용산지하차도|16|20171|119000078|숭실대별관앞|1,,
|40||1|03252|102000158|신용산지하차도|8|20190|119000097|노량진초등학교앞|1,,
|40||1|03252|102000158|신용산지하차도|9|20192|119000099|장성교회|1,,
|40||1|03252|102000158|신용산지하차도|31|22136|121000060|서초역1번출구|1,,
|40||1|03252|102000158|신용산지하차도|30|22608|121001329|서리풀문화광장|1,,
|40||1|03252|102000158|신용산지하차도|35|23287|122000184|강남역1번출구.역삼세무서|5,,
|40||2|03255|102000161|용산역|4|03122||한강대교북단|12,,
|40||2|03255|102000161|용산역|3|03256|102000162|용산푸르지오써밋|2,,
|40||2|03255|102000161|용산역|7|20115|119000025|노량진역2번출구|3,,
|40||2|03255|102000161|용산역|5|20121|119000028|노들역|4,,
|40||2|03255|102000161|용산역|10|20152|119000059|동작구청.동작보건소건강관리청|2,,
|40||2|03255|102000161|용산역|11|20154|119000061|상도노빌리티아파트|8,,
|40||2|03255|102000161|용산역|12|20160|119000067|상도역|3,,
|40||2|03255|102000161|용산역|13|20162|119000069|상도동중앙하이츠빌.상도전통시장|2,,
|40||2|03255|102000161|용산역|14|20164|119000071|숭실대입구역|5,,
|40||2|03255|102000161|용산역|15|20169|119000076|숭실대중문앞|10,,
|40||2|03255|102000161|용산역|16|20171|119000078|숭실대별관앞|4,,
|40||2|03255|102000161|용산역|21|20179|119000086|남성역|1,,
|40||2|03255|102000161|용산역|22|20181|119000088|남성역골목시장|1,,
|40||2|03255|102000161|용산역|8|20190|119000097|노량진초등학교앞|1,,
|40||2|03255|102000161|용산역|9|20192|119000099|장성교회|1,,
|40||2|03255|102000161|용산역|23|20252|119000296|사당동대아신협앞|1,,
|40||2|03255|102000161|용산역|17|20254|119000319|사당롯데캐슬골든포레.사당해그린|1,,
|40||2|03255|102000161|용산역|31|22136|121000060|서초역1번출구|1,,
|40||2|03255|102000161|용산역|28|22387|121000306|방배고개|1,,
|40||2|03255|102000161|용산역|35|23287|122000184|강남역1번출구.역삼세무서|4,,
|40||2|03255|102000161|용산역|39|23297|122000193|래미안그레이튼아파트|1,,
|40||2|03255|102000161|용산역|38|23299|122000195|역삼동성당.역삼자이아파트|1,,
|40||3|03256|102000162|용산푸르지오써밋|3|03256|102000162|용산푸르지오써밋|1,,
|40||3|03256|102000162|용산푸르지오써밋|5|20121|119000028|노들역|5,,
|40||3|03256|102000162|용산푸르지오써밋|10|20152|119000059|동작구청.동작보건소건강관리청|2,,
|40||3|03256|102000162|용산푸르지오써밋|12|20160|119000067|상도역|1,,
|40||3|03256|102000162|용산푸르지오써밋|13|20162|119000069|상도동중앙하이츠빌.상도전통시장|1,,
|40||3|03256|102000162|용산푸르지오써밋|14|20164|119000071|숭실대입구역|1,,
|40||3|03256|102000162|용산푸르지오써밋|16|20171|119000078|숭실대별관앞|2,,
|40||3|03256|102000162|용산푸르지오써밋|8|20190|119000097|노량진초등학교앞|1,,
|40||3|03256|102000162|용산푸르지오써밋|28|22387|121000306|방배고개|1,,
|40||3|03256|102000162|용산푸르지오써밋|38|23299|122000195|역삼동성당.역삼자이아파트|1,,
|40||4|03122||한강대교북단|4|03122||한강대교북단|1,,
|40||4|03122||한강대교북단|7|20115|119000025|노량진역2번출구|1,,
|40||4|03122||한강대교북단|5|20121|119000028|노들역|1,,
|40||4|03122||한강대교북단|10|20152|119000059|동작구청.동작보건소건강관리청|3,,
|40||4|03122||한강대교북단|11|20154|119000061|상도노빌리티아파트|1,,
|40||4|03122||한강대교북단|14|20164|119000071|숭실대입구역|2,,
|40||4|03122||한강대교북단|22|20181|119000088|남성역골목시장|1,,
|40||4|03122||한강대교북단|8|20190|119000097|노량진초등학교앞|2,,
|40||4|03122||한강대교북단|40|23472|122000355|도곡중학교.강남세브란스병원|1,,
|40||5|20121|119000028|노들역|7|20115|119000025|노량진역2번출구|7,,
|40||5|20121|119000028|노들역|6|20119|119000027|사육신공원|1,,
|40||5|20121|119000028|노들역|10|20152|119000059|동작구청.동작보건소건강관리청|3,,
|40||5|20121|119000028|노들역|15|20169|119000076|숭실대중문앞|2,,
|40||5|20121|119000028|노들역|9|20192|119000099|장성교회|1,,
|40||5|20121|119000028|노들역|31|22136|121000060|서초역1번출구|1,,
|40||6|20119|119000027|사육신공원|7|20115|119000025|노량진역2번출구|4,,
|40||6|20119|119000027|사육신공원|6|20119|119000027|사육신공원|1,,
|40||6|20119|119000027|사육신공원|10|20152|119000059|동작구청.동작보건소건강관리청|2,,
|40||6|20119|119000027|사육신공원|11|20154|119000061|상도노빌리티아파트|1,,
|40||6|20119|119000027|사육신공원|12|20160|119000067|상도역|1,,
|40||6|20119|119000027|사육신공원|13|20162|119000069|상도동중앙하이츠빌.상도전통시장|1,,
|40||6|20119|119000027|사육신공원|14|20164|119000071|숭실대입구역|1,,
|40||6|20119|119000027|사육신공원|15|20169|119000076|숭실대중문앞|2,,
|40||6|20119|119000027|사육신공원|20|20176|119000083|사당중학교|1,,
|40||6|20119|119000027|사육신공원|21|20179|119000086|남성역|1,,
|40||6|20119|119000027|사육신공원|9|20192|119000099|장성교회|3,,
|40||6|20119|119000027|사육신공원|31|22136|121000060|서초역1번출구|1,,
|40||7|20115|119000025|노량진역2번출구|10|20152|119000059|동작구청.동작보건소건강관리청|27,,
|40||7|20115|119000025|노량진역2번출구|11|20154|119000061|상도노빌리티아파트|7,,
|40||7|20115|119000025|노량진역2번출구|12|20160|119000067|상도역|24,,
|40||7|20115|119000025|노량진역2번출구|13|20162|119000069|상도동중앙하이츠빌.상도전통시장|16,,
|40||7|20115|119000025|노량진역2번출구|14|20164|119000071|숭실대입구역|27,,
|40||7|20115|119000025|노량진역2번출구|15|20169|119000076|숭실대중문앞|46,,
|40||7|20115|119000025|노량진역2번출구|16|20171|119000078|숭실대별관앞|25,,
|40||7|20115|119000025|노량진역2번출구|18|20173|119000080|사당5치안센터|10,,
|40||7|20115|119000025|노량진역2번출구|19|20175|119000082|총신대|7,,
|40||7|20115|119000025|노량진역2번출구|20|20176|119000083|사당중학교|3,,
|40||7|20115|119000025|노량진역2번출구|21|20179|119000086|남성역|1,,
|40||7|20115|119000025|노량진역2번출구|22|20181|119000088|남성역골목시장|2,,
|40||7|20115|119000025|노량진역2번출구|24|20182|119000089|남성초등학교|3,,
|40||7|20115|119000025|노량진역2번출구|25|20184|119000091|이수역9번출구|2,,
|40||7|20115|119000025|노량진역2번출구|8|20190|119000097|노량진초등학교앞|7,,
|40||7|20115|119000025|노량진역2번출구|9|20192|119000099|장성교회|9,,
|40||7|20115|119000025|노량진역2번출구|17|20254|119000319|사당롯데캐슬골든포레.사당해그린|10,,
|40||7|20115|119000025|노량진역2번출구|26|22385|121000304|이수역5번출구|1,,
|40||7|20115|119000025|노량진역2번출구|28|22387|121000306|방배고개|2,,
|40||7|20115|119000025|노량진역2번출구|29|22415|121001327|내방역1번출구|1,,
|40||7|20115|119000025|노량진역2번출구|35|23287|122000184|강남역1번출구.역삼세무서|1,,
|40||7|20115|119000025|노량진역2번출구|40|23472|122000355|도곡중학교.강남세브란스병원|1,,
|40||8|20190|119000097|노량진초등학교앞|10|20152|119000059|동작구청.동작보건소건강관리청|9,,
|40||8|20190|119000097|노량진초등학교앞|11|20154|119000061|상도노빌리티아파트|4,,
|40||8|20190|119000097|노량진초등학교앞|12|20160|119000067|상도역|3,,
|40||8|20190|119000097|노량진초등학교앞|13|20162|119000069|상도동중앙하이츠빌.상도전통시장|3,,
|40||8|20190|119000097|노량진초등학교앞|14|20164|119000071|숭실대입구역|3,,
|40||8|20190|119000097|노량진초등학교앞|15|20169|119000076|숭실대중문앞|17,,
|40||8|20190|119000097|노량진초등학교앞|16|20171|119000078|숭실대별관앞|3,,
|40||8|20190|119000097|노량진초등학교앞|18|20173|119000080|사당5치안센터|3,,
|40||8|20190|119000097|노량진초등학교앞|19|20175|119000082|총신대|2,,
|40||8|20190|119000097|노량진초등학교앞|20|20176|119000083|사당중학교|1,,
|40||8|20190|119000097|노량진초등학교앞|21|20179|119000086|남성역|5,,
|40||8|20190|119000097|노량진초등학교앞|22|20181|119000088|남성역골목시장|2,,
|40||8|20190|119000097|노량진초등학교앞|24|20182|119000089|남성초등학교|4,,
|40||8|20190|119000097|노량진초등학교앞|8|20190|119000097|노량진초등학교앞|2,,
|40||8|20190|119000097|노량진초등학교앞|23|20252|119000296|사당동대아신협앞|3,,
|40||8|20190|119000097|노량진초등학교앞|17|20254|119000319|사당롯데캐슬골든포레.사당해그린|4,,
|40||8|20190|119000097|노량진초등학교앞|33|22104|121000028|서초동유원아파트|1,,
|40||8|20190|119000097|노량진초등학교앞|31|22136|121000060|서초역1번출구|2,,
|40||8|20190|119000097|노량진초등학교앞|28|22387|121000306|방배고개|3,,
|40||8|20190|119000097|노량진초등학교앞|29|22415|121001327|내방역1번출구|1,,
|40||8|20190|119000097|노량진초등학교앞|30|22608|121001329|서리풀문화광장|1,,
|40||8|20190|119000097|노량진초등학교앞|35|23287|122000184|강남역1번출구.역삼세무서|1,,
|40||9|20192|119000099|장성교회|10|20152|119000059|동작구청.동작보건소건강관리청|6,,
|40||9|20192|119000099|장성교회|11|20154|119000061|상도노빌리티아파트|11,,
|40||9|20192|119000099|장성교회|12|20160|119000067|상도역|5,,
|40||9|20192|119000099|장성교회|13|20162|119000069|상도동중앙하이츠빌.상도전통시장|2,,
|40||9|20192|119000099|장성교회|14|20164|119000071|숭실대입구역|2,,
|40||9|20192|119000099|장성교회|15|20169|119000076|숭실대중문앞|3,,
|40||9|20192|119000099|장성교회|16|20171|119000078|숭실대별관앞|3,,
|40||9|20192|119000099|장성교회|19|20175|119000082|총신대|1,,
|40||9|20192|119000099|장성교회|21|20179|119000086|남성역|1,,
|40||9|20192|119000099|장성교회|22|20181|119000088|남성역골목시장|2,,
|40||9|20192|119000099|장성교회|23|20252|119000296|사당동대아신협앞|1,,
|40||9|20192|119000099|장성교회|17|20254|119000319|사당롯데캐슬골든포레.사당해그린|3,,
|40||9|20192|119000099|장성교회|32|22103|121000027|교대역2번출구|2,,
|40||9|20192|119000099|장성교회|26|22385|121000304|이수역5번출구|1,,
|40||9|20192|119000099|장성교회|28|22387|121000306|방배고개|4,,
|40||9|20192|119000099|장성교회|29|22415|121001327|내방역1번출구|1,,
|40||9|20192|119000099|장성교회|35|23287|122000184|강남역1번출구.역삼세무서|2,,
|40||9|20192|119000099|장성교회|36|23288|122000185|역삼역.포스코타워역삼|2,,
|40||9|20192|119000099|장성교회|37|23305|122000201|대한사회복지회|1,,
|40||9|20192|119000099|장성교회|40|23472|122000355|도곡중학교.강남세브란스병원|1,,
|40||10|20152|119000059|동작구청.동작보건소건강관리청|10|20152|119000059|동작구청.동작보건소건강관리청|2,,
|40||10|20152|119000059|동작구청.동작보건소건강관리청|11|20154|119000061|상도노빌리티아파트|7,,
|40||10|20152|119000059|동작구청.동작보건소건강관리청|12|20160|119000067|상도역|11,,
|40||10|20152|119000059|동작구청.동작보건소건강관리청|13|20162|119000069|상도동중앙하이츠빌.상도전통시장|12,,
|40||10|20152|119000059|동작구청.동작보건소건강관리청|14|20164|119000071|숭실대입구역|11,,
|40||10|20152|119000059|동작구청.동작보건소건강관리청|15|20169|119000076|숭실대중문앞|11,,
|40||10|20152|119000059|동작구청.동작보건소건강관리청|16|20171|119000078|숭실대별관앞|13,,
|40||10|20152|119000059|동작구청.동작보건소건강관리청|18|20173|119000080|사당5치안센터|7,,
|40||10|20152|119000059|동작구청.동작보건소건강관리청|19|20175|119000082|총신대|3,,
|40||10|20152|119000059|동작구청.동작보건소건강관리청|20|20176|119000083|사당중학교|5,,
|40||10|20152|119000059|동작구청.동작보건소건강관리청|21|20179|119000086|남성역|4,,
|40||10|20152|119000059|동작구청.동작보건소건강관리청|22|20181|119000088|남성역골목시장|3,,
|40||10|20152|119000059|동작구청.동작보건소건강관리청|24|20182|119000089|남성초등학교|2,,
|40||10|20152|119000059|동작구청.동작보건소건강관리청|25|20184|119000091|이수역9번출구|1,,
|40||10|20152|119000059|동작구청.동작보건소건강관리청|23|20252|119000296|사당동대아신협앞|1,,
|40||10|20152|119000059|동작구청.동작보건소건강관리청|17|20254|119000319|사당롯데캐슬골든포레.사당해그린|8,,
|40||10|20152|119000059|동작구청.동작보건소건강관리청|32|22103|121000027|교대역2번출구|3,,
|40||10|20152|119000059|동작구청.동작보건소건강관리청|33|22104|121000028|서초동유원아파트|1,,
|40||10|20152|119000059|동작구청.동작보건소건강관리청|31|22136|121000060|서초역1번출구|4,,
|40||10|20152|119000059|동작구청.동작보건소건강관리청|26|22385|121000304|이수역5번출구|1,,
|40||10|20152|119000059|동작구청.동작보건소건강관리청|27|22386|121000305|방배초등학교|1,,
|40||10|20152|119000059|동작구청.동작보건소건강관리청|28|22387|121000306|방배고개|2,,
|40||10|20152|119000059|동작구청.동작보건소건강관리청|29|22415|121001327|내방역1번출구|1,,
|40||10|20152|119000059|동작구청.동작보건소건강관리청|30|22608|121001329|서리풀문화광장|5,,
|40||10|20152|119000059|동작구청.동작보건소건강관리청|35|23287|122000184|강남역1번출구.역삼세무서|7,,
|40||10|20152|119000059|동작구청.동작보건소건강관리청|36|23288|122000185|역삼역.포스코타워역삼|1,,
|40||10|20152|119000059|동작구청.동작보건소건강관리청|39|23297|122000193|래미안그레이튼아파트|1,,
|40||10|20152|119000059|동작구청.동작보건소건강관리청|38|23299|122000195|역삼동성당.역삼자이아파트|1,,
|40||10|20152|119000059|동작구청.동작보건소건강관리청|37|23305|122000201|대한사회복지회|4,,
|40||10|20152|119000059|동작구청.동작보건소건강관리청|40|23472|122000355|도곡중학교.강남세브란스병원|1,,
|40||11|20154|119000061|상도노빌리티아파트|11|20154|119000061|상도노빌리티아파트|1,,
|40||11|20154|119000061|상도노빌리티아파트|12|20160|119000067|상도역|10,,
|40||11|20154|119000061|상도노빌리티아파트|13|20162|119000069|상도동중앙하이츠빌.상도전통시장|7,,
|40||11|20154|119000061|상도노빌리티아파트|14|20164|119000071|숭실대입구역|11,,
|40||11|20154|119000061|상도노빌리티아파트|15|20169|119000076|숭실대중문앞|29,,
|40||11|20154|119000061|상도노빌리티아파트|16|20171|119000078|숭실대별관앞|11,,
|40||11|20154|119000061|상도노빌리티아파트|18|20173|119000080|사당5치안센터|2,,
|40||11|20154|119000061|상도노빌리티아파트|19|20175|119000082|총신대|2,,
|40||11|20154|119000061|상도노빌리티아파트|20|20176|119000083|사당중학교|3,,
|40||11|20154|119000061|상도노빌리티아파트|21|20179|119000086|남성역|2,,
|40||11|20154|119000061|상도노빌리티아파트|22|20181|119000088|남성역골목시장|4,,
|40||11|20154|119000061|상도노빌리티아파트|24|20182|119000089|남성초등학교|2,,
|40||11|20154|119000061|상도노빌리티아파트|25|20184|119000091|이수역9번출구|1,,
|40||11|20154|119000061|상도노빌리티아파트|17|20254|119000319|사당롯데캐슬골든포레.사당해그린|2,,
|40||11|20154|119000061|상도노빌리티아파트|32|22103|121000027|교대역2번출구|2,,
|40||11|20154|119000061|상도노빌리티아파트|34|22114|121000038|롯데칠성|2,,
|40||11|20154|119000061|상도노빌리티아파트|31|22136|121000060|서초역1번출구|2,,
|40||11|20154|119000061|상도노빌리티아파트|30|22608|121001329|서리풀문화광장|1,,
|40||11|20154|119000061|상도노빌리티아파트|35|23287|122000184|강남역1번출구.역삼세무서|11,,
|40||11|20154|119000061|상도노빌리티아파트|36|23288|122000185|역삼역.포스코타워역삼|4,,
|40||11|20154|119000061|상도노빌리티아파트|37|23305|122000201|대한사회복지회|2,,
|40||11|20154|119000061|상도노빌리티아파트|40|23472|122000355|도곡중학교.강남세브란스병원|1,,
|40||12|20160|119000067|상도역|12|20160|119000067|상도역|1,,
|40||12|20160|119000067|상도역|13|20162|119000069|상도동중앙하이츠빌.상도전통시장|1,,
|40||12|20160|119000067|상도역|14|20164|119000071|숭실대입구역|6,,
|40||12|20160|119000067|상도역|15|20169|119000076|숭실대중문앞|17,,
|40||12|20160|119000067|상도역|16|20171|119000078|숭실대별관앞|23,,
|40||12|20160|119000067|상도역|18|20173|119000080|사당5치안센터|2,,
|40||12|20160|119000067|상도역|19|20175|119000082|총신대|5,,
|40||12|20160|119000067|상도역|20|20176|119000083|사당중학교|1,,
|40||12|20160|119000067|상도역|21|20179|119000086|남성역|2,,
|40||12|20160|119000067|상도역|22|20181|119000088|남성역골목시장|4,,
|40||12|20160|119000067|상도역|24|20182|119000089|남성초등학교|4,,
|40||12|20160|119000067|상도역|23|20252|119000296|사당동대아신협앞|8,,
|40||12|20160|119000067|상도역|17|20254|119000319|사당롯데캐슬골든포레.사당해그린|10,,
|40||12|20160|119000067|상도역|32|22103|121000027|교대역2번출구|5,,
|40||12|20160|119000067|상도역|33|22104|121000028|서초동유원아파트|4,,
|40||12|20160|119000067|상도역|34|22114|121000038|롯데칠성|3,,
|40||12|20160|119000067|상도역|31|22136|121000060|서초역1번출구|2,,
|40||12|20160|119000067|상도역|29|22415|121001327|내방역1번출구|2,,
|40||12|20160|119000067|상도역|30|22608|121001329|서리풀문화광장|2,,
|40||12|20160|119000067|상도역|35|23287|122000184|강남역1번출구.역삼세무서|6,,
|40||12|20160|119000067|상도역|36|23288|122000185|역삼역.포스코타워역삼|2,,
|40||12|20160|119000067|상도역|39|23297|122000193|래미안그레이튼아파트|1,,
|40||12|20160|119000067|상도역|42|23363|122000259|현대아파트|1,,
|40||12|20160|119000067|상도역|43|23364|122000260|개포래미안포레스트|1,,
|40||13|20162|119000069|상도동중앙하이츠빌.상도전통시장|14|20164|119000071|숭실대입구역|5,,
|40||13|20162|119000069|상도동중앙하이츠빌.상도전통시장|15|20169|119000076|숭실대중문앞|16,,
|40||13|20162|119000069|상도동중앙하이츠빌.상도전통시장|16|20171|119000078|숭실대별관앞|17,,
|40||13|20162|119000069|상도동중앙하이츠빌.상도전통시장|18|20173|119000080|사당5치안센터|2,,
|40||13|20162|119000069|상도동중앙하이츠빌.상도전통시장|19|20175|119000082|총신대|2,,
|40||13|20162|119000069|상도동중앙하이츠빌.상도전통시장|20|20176|119000083|사당중학교|3,,
|40||13|20162|119000069|상도동중앙하이츠빌.상도전통시장|21|20179|119000086|남성역|2,,
|40||13|20162|119000069|상도동중앙하이츠빌.상도전통시장|22|20181|119000088|남성역골목시장|3,,
|40||13|20162|119000069|상도동중앙하이츠빌.상도전통시장|24|20182|119000089|남성초등학교|5,,
|40||13|20162|119000069|상도동중앙하이츠빌.상도전통시장|25|20184|119000091|이수역9번출구|2,,
|40||13|20162|119000069|상도동중앙하이츠빌.상도전통시장|23|20252|119000296|사당동대아신협앞|6,,
|40||13|20162|119000069|상도동중앙하이츠빌.상도전통시장|17|20254|119000319|사당롯데캐슬골든포레.사당해그린|3,,
|40||13|20162|119000069|상도동중앙하이츠빌.상도전통시장|32|22103|121000027|교대역2번출구|4,,
|40||13|20162|119000069|상도동중앙하이츠빌.상도전통시장|33|22104|121000028|서초동유원아파트|1,,
|40||13|20162|119000069|상도동중앙하이츠빌.상도전통시장|34|22114|121000038|롯데칠성|2,,
|40||13|20162|119000069|상도동중앙하이츠빌.상도전통시장|31|22136|121000060|서초역1번출구|6,,
|40||13|20162|119000069|상도동중앙하이츠빌.상도전통시장|27|22386|121000305|방배초등학교|1,,
|40||13|20162|119000069|상도동중앙하이츠빌.상도전통시장|29|22415|121001327|내방역1번출구|3,,
|40||13|20162|119000069|상도동중앙하이츠빌.상도전통시장|30|22608|121001329|서리풀문화광장|3,,
|40||13|20162|119000069|상도동중앙하이츠빌.상도전통시장|35|23287|122000184|강남역1번출구.역삼세무서|14,,
|40||13|20162|119000069|상도동중앙하이츠빌.상도전통시장|36|23288|122000185|역삼역.포스코타워역삼|2,,
|40||13|20162|119000069|상도동중앙하이츠빌.상도전통시장|39|23297|122000193|래미안그레이튼아파트|1,,
|40||13|20162|119000069|상도동중앙하이츠빌.상도전통시장|38|23299|122000195|역삼동성당.역삼자이아파트|3,,
|40||13|20162|119000069|상도동중앙하이츠빌.상도전통시장|37|23305|122000201|대한사회복지회|2,,
|40||13|20162|119000069|상도동중앙하이츠빌.상도전통시장|43|23364|122000260|개포래미안포레스트|1,,
|40||13|20162|119000069|상도동중앙하이츠빌.상도전통시장|40|23472|122000355|도곡중학교.강남세브란스병원|2,,
|40||14|20164|119000071|숭실대입구역|15|20169|119000076|숭실대중문앞|16,,
|40||14|20164|119000071|숭실대입구역|16|20171|119000078|숭실대별관앞|45,,
|40||14|20164|119000071|숭실대입구역|18|20173|119000080|사당5치안센터|5,,
|40||14|20164|119000071|숭실대입구역|19|20175|119000082|총신대|4,,
|40||14|20164|119000071|숭실대입구역|20|20176|119000083|사당중학교|10,,
|40||14|20164|119000071|숭실대입구역|21|20179|119000086|남성역|6,,
|40||14|20164|119000071|숭실대입구역|22|20181|119000088|남성역골목시장|5,,
|40||14|20164|119000071|숭실대입구역|24|20182|119000089|남성초등학교|3,,
|40||14|20164|119000071|숭실대입구역|23|20252|119000296|사당동대아신협앞|3,,
|40||14|20164|119000071|숭실대입구역|17|20254|119000319|사당롯데캐슬골든포레.사당해그린|10,,
|40||14|20164|119000071|숭실대입구역|32|22103|121000027|교대역2번출구|3,,
|40||14|20164|119000071|숭실대입구역|33|22104|121000028|서초동유원아파트|1,,
|40||14|20164|119000071|숭실대입구역|34|22114|121000038|롯데칠성|5,,
|40||14|20164|119000071|숭실대입구역|31|22136|121000060|서초역1번출구|1,,
|40||14|20164|119000071|숭실대입구역|26|22385|121000304|이수역5번출구|3,,
|40||14|20164|119000071|숭실대입구역|27|22386|121000305|방배초등학교|2,,
|40||14|20164|119000071|숭실대입구역|28|22387|121000306|방배고개|1,,
|40||14|20164|119000071|숭실대입구역|29|22415|121001327|내방역1번출구|5,,
|40||14|20164|119000071|숭실대입구역|30|22608|121001329|서리풀문화광장|5,,
|40||14|20164|119000071|숭실대입구역|35|23287|122000184|강남역1번출구.역삼세무서|19,,
|40||14|20164|119000071|숭실대입구역|36|23288|122000185|역삼역.포스코타워역삼|4,,
|40||14|20164|119000071|숭실대입구역|39|23297|122000193|래미안그레이튼아파트|4,,
|40||14|20164|119000071|숭실대입구역|38|23299|122000195|역삼동성당.역삼자이아파트|2,,
|40||14|20164|119000071|숭실대입구역|37|23305|122000201|대한사회복지회|4,,
|40||14|20164|119000071|숭실대입구역|42|23363|122000259|현대아파트|1,,
|40||14|20164|119000071|숭실대입구역|43|23364|122000260|개포래미안포레스트|1,,
|40||14|20164|119000071|숭실대입구역|40|23472|122000355|도곡중학교.강남세브란스병원|1,,
|40||15|20169|119000076|숭실대중문앞|15|20169|119000076|숭실대중문앞|2,,
|40||15|20169|119000076|숭실대중문앞|16|20171|119000078|숭실대별관앞|4,,
|40||15|20169|119000076|숭실대중문앞|18|20173|119000080|사당5치안센터|5,,
|40||15|20169|119000076|숭실대중문앞|19|20175|119000082|총신대|9,,
|40||15|20169|119000076|숭실대중문앞|20|20176|119000083|사당중학교|3,,
|40||15|20169|119000076|숭실대중문앞|21|20179|119000086|남성역|11,,
|40||15|20169|119000076|숭실대중문앞|22|20181|119000088|남성역골목시장|8,,
|40||15|20169|119000076|숭실대중문앞|24|20182|119000089|남성초등학교|12,,
|40||15|20169|119000076|숭실대중문앞|25|20184|119000091|이수역9번출구|6,,
|40||15|20169|119000076|숭실대중문앞|23|20252|119000296|사당동대아신협앞|2,,
|40||15|20169|119000076|숭실대중문앞|17|20254|119000319|사당롯데캐슬골든포레.사당해그린|5,,
|40||15|20169|119000076|숭실대중문앞|32|22103|121000027|교대역2번출구|7,,
|40||15|20169|119000076|숭실대중문앞|33|22104|121000028|서초동유원아파트|2,,
|40||15|20169|119000076|숭실대중문앞|34|22114|121000038|롯데칠성|8,,
|40||15|20169|119000076|숭실대중문앞|31|22136|121000060|서초역1번출구|7,,
|40||15|20169|119000076|숭실대중문앞|26|22385|121000304|이수역5번출구|8,,
|40||15|20169|119000076|숭실대중문앞|27|22386|121000305|방배초등학교|1,,
|40||15|20169|119000076|숭실대중문앞|28|22387|121000306|방배고개|4,,
|40||15|20169|119000076|숭실대중문앞|29|22415|121001327|내방역1번출구|4,,
|40||15|20169|119000076|숭실대중문앞|30|22608|121001329|서리풀문화광장|6,,
|40||15|20169|119000076|숭실대중문앞|35|23287|122000184|강남역1번출구.역삼세무서|25,,
|40||15|20169|119000076|숭실대중문앞|36|23288|122000185|역삼역.포스코타워역삼|3,,
|40||15|20169|119000076|숭실대중문앞|39|23297|122000193|래미안그레이튼아파트|1,,
|40||15|20169|119000076|숭실대중문앞|38|23299|122000195|역삼동성당.역삼자이아파트|2,,
|40||15|20169|119000076|숭실대중문앞|37|23305|122000201|대한사회복지회|4,,
|40||15|20169|119000076|숭실대중문앞|41|23325|122000221|개포한신.우성4차아파트|1,,
|40||15|20169|119000076|숭실대중문앞|42|23363|122000259|현대아파트|2,,
|40||15|20169|119000076|숭실대중문앞|43|23364|122000260|개포래미안포레스트|1,,
|40||15|20169|119000076|숭실대중문앞|40|23472|122000355|도곡중학교.강남세브란스병원|2,,
|40||16|20171|119000078|숭실대별관앞|16|20171|119000078|숭실대별관앞|2,,
|40||16|20171|119000078|숭실대별관앞|18|20173|119000080|사당5치안센터|2,,
|40||16|20171|119000078|숭실대별관앞|19|20175|119000082|총신대|2,,
|40||16|20171|119000078|숭실대별관앞|20|20176|119000083|사당중학교|8,,
|40||16|20171|119000078|숭실대별관앞|21|20179|119000086|남성역|28,,
|40||16|20171|119000078|숭실대별관앞|22|20181|119000088|남성역골목시장|2,,
|40||16|20171|119000078|숭실대별관앞|24|20182|119000089|남성초등학교|17,,
|40||16|20171|119000078|숭실대별관앞|25|20184|119000091|이수역9번출구|9,,
|40||16|20171|119000078|숭실대별관앞|23|20252|119000296|사당동대아신협앞|3,,
|40||16|20171|119000078|숭실대별관앞|32|22103|121000027|교대역2번출구|14,,
|40||16|20171|119000078|숭실대별관앞|33|22104|121000028|서초동유원아파트|3,,
|40||16|20171|119000078|숭실대별관앞|34|22114|121000038|롯데칠성|7,,
|40||16|20171|119000078|숭실대별관앞|31|22136|121000060|서초역1번출구|2,,
|40||16|20171|119000078|숭실대별관앞|26|22385|121000304|이수역5번출구|3,,
|40||16|20171|119000078|숭실대별관앞|27|22386|121000305|방배초등학교|1,,
|40||16|20171|119000078|숭실대별관앞|28|22387|121000306|방배고개|5,,
|40||16|20171|119000078|숭실대별관앞|29|22415|121001327|내방역1번출구|7,,
|40||16|20171|119000078|숭실대별관앞|30|22608|121001329|서리풀문화광장|5,,
|40||16|20171|119000078|숭실대별관앞|35|23287|122000184|강남역1번출구.역삼세무서|14,,
|40||16|20171|119000078|숭실대별관앞|36|23288|122000185|역삼역.포스코타워역삼|2,,
|40||16|20171|119000078|숭실대별관앞|39|23297|122000193|래미안그레이튼아파트|3,,
|40||16|20171|119000078|숭실대별관앞|38|23299|122000195|역삼동성당.역삼자이아파트|4,,
|40||16|20171|119000078|숭실대별관앞|41|23325|122000221|개포한신.우성4차아파트|1,,
|40||16|20171|119000078|숭실대별관앞|44|23445|122000333|개포우성아파트|1,,
|40||17|20254|119000319|사당롯데캐슬골든포레.사당해그린|18|20173|119000080|사당5치안센터|1,,
|40||17|20254|119000319|사당롯데캐슬골든포레.사당해그린|19|20175|119000082|총신대|5,,
|40||17|20254|119000319|사당롯데캐슬골든포레.사당해그린|20|20176|119000083|사당중학교|20,,
|40||17|20254|119000319|사당롯데캐슬골든포레.사당해그린|21|20179|119000086|남성역|41,,
|40||17|20254|119000319|사당롯데캐슬골든포레.사당해그린|22|20181|119000088|남성역골목시장|5,,
|40||17|20254|119000319|사당롯데캐슬골든포레.사당해그린|24|20182|119000089|남성초등학교|8,,
|40||17|20254|119000319|사당롯데캐슬골든포레.사당해그린|25|20184|119000091|이수역9번출구|6,,
|40||17|20254|119000319|사당롯데캐슬골든포레.사당해그린|23|20252|119000296|사당동대아신협앞|5,,
|40||17|20254|119000319|사당롯데캐슬골든포레.사당해그린|32|22103|121000027|교대역2번출구|5,,
|40||17|20254|119000319|사당롯데캐슬골든포레.사당해그린|33|22104|121000028|서초동유원아파트|6,,
|40||17|20254|119000319|사당롯데캐슬골든포레.사당해그린|34|22114|121000038|롯데칠성|4,,
|40||17|20254|119000319|사당롯데캐슬골든포레.사당해그린|31|22136|121000060|서초역1번출구|8,,
|40||17|20254|119000319|사당롯데캐슬골든포레.사당해그린|26|22385|121000304|이수역5번출구|10,,
|40||17|20254|119000319|사당롯데캐슬골든포레.사당해그린|27|22386|121000305|방배초등학교|1,,
|40||17|20254|119000319|사당롯데캐슬골든포레.사당해그린|28|22387|121000306|방배고개|1,,
|40||17|20254|119000319|사당롯데캐슬골든포레.사당해그린|29|22415|121001327|내방역1번출구|2,,
|40||17|20254|119000319|사당롯데캐슬골든포레.사당해그린|30|22608|121001329|서리풀문화광장|20,,
|40||17|20254|119000319|사당롯데캐슬골든포레.사당해그린|35|23287|122000184|강남역1번출구.역삼세무서|8,,
|40||17|20254|119000319|사당롯데캐슬골든포레.사당해그린|36|23288|122000185|역삼역.포스코타워역삼|8,,
|40||17|20254|119000319|사당롯데캐슬골든포레.사당해그린|39|23297|122000193|래미안그레이튼아파트|1,,
|40||17|20254|119000319|사당롯데캐슬골든포레.사당해그린|38|23299|122000195|역삼동성당.역삼자이아파트|3,,
|40||17|20254|119000319|사당롯데캐슬골든포레.사당해그린|37|23305|122000201|대한사회복지회|5,,
|40||18|20173|119000080|사당5치안센터|19|20175|119000082|총신대|1,,
|40||18|20173|119000080|사당5치안센터|20|20176|119000083|사당중학교|9,,
|40||18|20173|119000080|사당5치안센터|21|20179|119000086|남성역|21,,
|40||18|20173|119000080|사당5치안센터|22|20181|119000088|남성역골목시장|2,,
|40||18|20173|119000080|사당5치안센터|24|20182|119000089|남성초등학교|4,,
|40||18|20173|119000080|사당5치안센터|25|20184|119000091|이수역9번출구|2,,
|40||18|20173|119000080|사당5치안센터|32|22103|121000027|교대역2번출구|3,,
|40||18|20173|119000080|사당5치안센터|33|22104|121000028|서초동유원아파트|1,,
|40||18|20173|119000080|사당5치안센터|31|22136|121000060|서초역1번출구|2,,
|40||18|20173|119000080|사당5치안센터|26|22385|121000304|이수역5번출구|2,,
|40||18|20173|119000080|사당5치안센터|29|22415|121001327|내방역1번출구|2,,
|40||18|20173|119000080|사당5치안센터|30|22608|121001329|서리풀문화광장|2,,
|40||18|20173|119000080|사당5치안센터|35|23287|122000184|강남역1번출구.역삼세무서|5,,
|40||18|20173|119000080|사당5치안센터|36|23288|122000185|역삼역.포스코타워역삼|1,,
|40||18|20173|119000080|사당5치안센터|38|23299|122000195|역삼동성당.역삼자이아파트|1,,
|40||18|20173|119000080|사당5치안센터|37|23305|122000201|대한사회복지회|2,,
|40||19|20175|119000082|총신대|20|20176|119000083|사당중학교|20,,
|40||19|20175|119000082|총신대|21|20179|119000086|남성역|27,,
|40||19|20175|119000082|총신대|22|20181|119000088|남성역골목시장|4,,
|40||19|20175|119000082|총신대|24|20182|119000089|남성초등학교|15,,
|40||19|20175|119000082|총신대|25|20184|119000091|이수역9번출구|13,,
|40||19|20175|119000082|총신대|23|20252|119000296|사당동대아신협앞|2,,
|40||19|20175|119000082|총신대|32|22103|121000027|교대역2번출구|5,,
|40||19|20175|119000082|총신대|33|22104|121000028|서초동유원아파트|1,,
|40||19|20175|119000082|총신대|34|22114|121000038|롯데칠성|3,,
|40||19|20175|119000082|총신대|31|22136|121000060|서초역1번출구|1,,
|40||19|20175|119000082|총신대|26|22385|121000304|이수역5번출구|3,,
|40||19|20175|119000082|총신대|28|22387|121000306|방배고개|2,,
|40||19|20175|119000082|총신대|29|22415|121001327|내방역1번출구|4,,
|40||19|20175|119000082|총신대|30|22608|121001329|서리풀문화광장|11,,
|40||19|20175|119000082|총신대|35|23287|122000184|강남역1번출구.역삼세무서|17,,
|40||19|20175|119000082|총신대|36|23288|122000185|역삼역.포스코타워역삼|1,,
|40||19|20175|119000082|총신대|37|23305|122000201|대한사회복지회|2,,
|40||19|20175|119000082|총신대|41|23325|122000221|개포한신.우성4차아파트|1,,
|40||20|20176|119000083|사당중학교|20|20176|119000083|사당중학교|7,,
|40||20|20176|119000083|사당중학교|21|20179|119000086|남성역|12,,
|40||20|20176|119000083|사당중학교|22|20181|119000088|남성역골목시장|5,,
|40||20|20176|119000083|사당중학교|24|20182|119000089|남성초등학교|8,,
|40||20|20176|119000083|사당중학교|25|20184|119000091|이수역9번출구|10,,
|40||20|20176|119000083|사당중학교|23|20252|119000296|사당동대아신협앞|5,,
|40||20|20176|119000083|사당중학교|32|22103|121000027|교대역2번출구|8,,
|40||20|20176|119000083|사당중학교|33|22104|121000028|서초동유원아파트|7,,
|40||20|20176|119000083|사당중학교|31|22136|121000060|서초역1번출구|1,,
|40||20|20176|119000083|사당중학교|26|22385|121000304|이수역5번출구|3,,
|40||20|20176|119000083|사당중학교|27|22386|121000305|방배초등학교|1,,
|40||20|20176|119000083|사당중학교|28|22387|121000306|방배고개|3,,
|40||20|20176|119000083|사당중학교|29|22415|121001327|내방역1번출구|6,,
|40||20|20176|119000083|사당중학교|30|22608|121001329|서리풀문화광장|8,,
|40||20|20176|119000083|사당중학교|35|23287|122000184|강남역1번출구.역삼세무서|11,,
|40||20|20176|119000083|사당중학교|36|23288|122000185|역삼역.포스코타워역삼|1,,
|40||20|20176|119000083|사당중학교|39|23297|122000193|래미안그레이튼아파트|1,,
|40||20|20176|119000083|사당중학교|38|23299|122000195|역삼동성당.역삼자이아파트|1,,
|40||20|20176|119000083|사당중학교|41|23325|122000221|개포한신.우성4차아파트|1,,
|40||20|20176|119000083|사당중학교|46|23459|122000345|디에이치퍼스티어아이파크|1,,
|40||20|20176|119000083|사당중학교|40|23472|122000355|도곡중학교.강남세브란스병원|1,,
|40||21|20179|119000086|남성역|22|20181|119000088|남성역골목시장|1,,
|40||21|20179|119000086|남성역|24|20182|119000089|남성초등학교|6,,
|40||21|20179|119000086|남성역|25|20184|119000091|이수역9번출구|8,,
|40||21|20179|119000086|남성역|23|20252|119000296|사당동대아신협앞|1,,
|40||21|20179|119000086|남성역|32|22103|121000027|교대역2번출구|9,,
|40||21|20179|119000086|남성역|33|22104|121000028|서초동유원아파트|8,,
|40||21|20179|119000086|남성역|34|22114|121000038|롯데칠성|1,,
|40||21|20179|119000086|남성역|31|22136|121000060|서초역1번출구|9,,
|40||21|20179|119000086|남성역|26|22385|121000304|이수역5번출구|8,,
|40||21|20179|119000086|남성역|27|22386|121000305|방배초등학교|3,,
|40||21|20179|119000086|남성역|28|22387|121000306|방배고개|1,,
|40||21|20179|119000086|남성역|29|22415|121001327|내방역1번출구|4,,
|40||21|20179|119000086|남성역|30|22608|121001329|서리풀문화광장|6,,
|40||21|20179|119000086|남성역|35|23287|122000184|강남역1번출구.역삼세무서|17,,
|40||21|20179|119000086|남성역|36|23288|122000185|역삼역.포스코타워역삼|10,,
|40||21|20179|119000086|남성역|39|23297|122000193|래미안그레이튼아파트|2,,
|40||21|20179|119000086|남성역|38|23299|122000195|역삼동성당.역삼자이아파트|1,,
|40||21|20179|119000086|남성역|37|23305|122000201|대한사회복지회|6,,
|40||21|20179|119000086|남성역|43|23364|122000260|개포래미안포레스트|1,,
|40||21|20179|119000086|남성역|40|23472|122000355|도곡중학교.강남세브란스병원|3,,
|40||22|20181|119000088|남성역골목시장|24|20182|119000089|남성초등학교|4,,
|40||22|20181|119000088|남성역골목시장|25|20184|119000091|이수역9번출구|6,,
|40||22|20181|119000088|남성역골목시장|23|20252|119000296|사당동대아신협앞|1,,
|40||22|20181|119000088|남성역골목시장|32|22103|121000027|교대역2번출구|6,,
|40||22|20181|119000088|남성역골목시장|33|22104|121000028|서초동유원아파트|1,,
|40||22|20181|119000088|남성역골목시장|34|22114|121000038|롯데칠성|5,,
|40||22|20181|119000088|남성역골목시장|31|22136|121000060|서초역1번출구|11,,
|40||22|20181|119000088|남성역골목시장|26|22385|121000304|이수역5번출구|3,,
|40||22|20181|119000088|남성역골목시장|27|22386|121000305|방배초등학교|4,,
|40||22|20181|119000088|남성역골목시장|28|22387|121000306|방배고개|3,,
|40||22|20181|119000088|남성역골목시장|29|22415|121001327|내방역1번출구|3,,
|40||22|20181|119000088|남성역골목시장|30|22608|121001329|서리풀문화광장|7,,
|40||22|20181|119000088|남성역골목시장|35|23287|122000184|강남역1번출구.역삼세무서|16,,
|40||22|20181|119000088|남성역골목시장|36|23288|122000185|역삼역.포스코타워역삼|2,,
|40||22|20181|119000088|남성역골목시장|37|23305|122000201|대한사회복지회|4,,
|40||22|20181|119000088|남성역골목시장|40|23472|122000355|도곡중학교.강남세브란스병원|4,,
|40||23|20252|119000296|사당동대아신협앞|25|20184|119000091|이수역9번출구|3,,
|40||23|20252|119000296|사당동대아신협앞|32|22103|121000027|교대역2번출구|9,,
|40||23|20252|119000296|사당동대아신협앞|33|22104|121000028|서초동유원아파트|4,,
|40||23|20252|119000296|사당동대아신협앞|34|22114|121000038|롯데칠성|9,,
|40||23|20252|119000296|사당동대아신협앞|31|22136|121000060|서초역1번출구|7,,
|40||23|20252|119000296|사당동대아신협앞|26|22385|121000304|이수역5번출구|3,,
|40||23|20252|119000296|사당동대아신협앞|27|22386|121000305|방배초등학교|3,,
|40||23|20252|119000296|사당동대아신협앞|28|22387|121000306|방배고개|6,,
|40||23|20252|119000296|사당동대아신협앞|29|22415|121001327|내방역1번출구|5,,
|40||23|20252|119000296|사당동대아신협앞|30|22608|121001329|서리풀문화광장|8,,
|40||23|20252|119000296|사당동대아신협앞|35|23287|122000184|강남역1번출구.역삼세무서|9,,
|40||23|20252|119000296|사당동대아신협앞|36|23288|122000185|역삼역.포스코타워역삼|6,,
|40||23|20252|119000296|사당동대아신협앞|38|23299|122000195|역삼동성당.역삼자이아파트|2,,
|40||23|20252|119000296|사당동대아신협앞|37|23305|122000201|대한사회복지회|11,,
|40||23|20252|119000296|사당동대아신협앞|45|23338|122000234|개포파크빌리지|1,,
|40||23|20252|119000296|사당동대아신협앞|42|23363|122000259|현대아파트|2,,
|40||23|20252|119000296|사당동대아신협앞|44|23445|122000333|개포우성아파트|1,,
|40||23|20252|119000296|사당동대아신협앞|40|23472|122000355|도곡중학교.강남세브란스병원|1,,
|40||24|20182|119000089|남성초등학교|32|22103|121000027|교대역2번출구|11,,
|40||24|20182|119000089|남성초등학교|33|22104|121000028|서초동유원아파트|1,,
|40||24|20182|119000089|남성초등학교|34|22114|121000038|롯데칠성|2,,
|40||24|20182|119000089|남성초등학교|31|22136|121000060|서초역1번출구|11,,
|40||24|20182|119000089|남성초등학교|26|22385|121000304|이수역5번출구|2,,
|40||24|20182|119000089|남성초등학교|27|22386|121000305|방배초등학교|1,,
|40||24|20182|119000089|남성초등학교|28|22387|121000306|방배고개|4,,
|40||24|20182|119000089|남성초등학교|29|22415|121001327|내방역1번출구|3,,
|40||24|20182|119000089|남성초등학교|30|22608|121001329|서리풀문화광장|8,,
|40||24|20182|119000089|남성초등학교|35|23287|122000184|강남역1번출구.역삼세무서|7,,
|40||24|20182|119000089|남성초등학교|36|23288|122000185|역삼역.포스코타워역삼|4,,
|40||24|20182|119000089|남성초등학교|39|23297|122000193|래미안그레이튼아파트|2,,
|40||24|20182|119000089|남성초등학교|37|23305|122000201|대한사회복지회|2,,
|40||24|20182|119000089|남성초등학교|41|23325|122000221|개포한신.우성4차아파트|1,,
|40||25|20184|119000091|이수역9번출구|25|20184|119000091|이수역9번출구|2,,
|40||25|20184|119000091|이수역9번출구|32|22103|121000027|교대역2번출구|12,,
|40||25|20184|119000091|이수역9번출구|33|22104|121000028|서초동유원아파트|4,,
|40||25|20184|119000091|이수역9번출구|34|22114|121000038|롯데칠성|8,,
|40||25|20184|119000091|이수역9번출구|31|22136|121000060|서초역1번출구|9,,
|40||25|20184|119000091|이수역9번출구|27|22386|121000305|방배초등학교|1,,
|40||25|20184|119000091|이수역9번출구|28|22387|121000306|방배고개|5,,
|40||25|20184|119000091|이수역9번출구|29|22415|121001327|내방역1번출구|7,,
|40||25|20184|119000091|이수역9번출구|30|22608|121001329|서리풀문화광장|11,,
|40||25|20184|119000091|이수역9번출구|35|23287|122000184|강남역1번출구.역삼세무서|15,,
|40||25|20184|119000091|이수역9번출구|36|23288|122000185|역삼역.포스코타워역삼|7,,
|40||25|20184|119000091|이수역9번출구|39|23297|122000193|래미안그레이튼아파트|2,,
|40||25|20184|119000091|이수역9번출구|38|23299|122000195|역삼동성당.역삼자이아파트|2,,
|40||25|20184|119000091|이수역9번출구|37|23305|122000201|대한사회복지회|3,,
|40||25|20184|119000091|이수역9번출구|40|23472|122000355|도곡중학교.강남세브란스병원|3,,
|40||26|22385|121000304|이수역5번출구|32|22103|121000027|교대역2번출구|13,,
|40||26|22385|121000304|이수역5번출구|33|22104|121000028|서초동유원아파트|6,,
|40||26|22385|121000304|이수역5번출구|34|22114|121000038|롯데칠성|9,,
|40||26|22385|121000304|이수역5번출구|31|22136|121000060|서초역1번출구|8,,
|40||26|22385|121000304|이수역5번출구|27|22386|121000305|방배초등학교|3,,
|40||26|22385|121000304|이수역5번출구|28|22387|121000306|방배고개|9,,
|40||26|22385|121000304|이수역5번출구|29|22415|121001327|내방역1번출구|19,,
|40||26|22385|121000304|이수역5번출구|30|22608|121001329|서리풀문화광장|22,,
|40||26|22385|121000304|이수역5번출구|35|23287|122000184|강남역1번출구.역삼세무서|13,,
|40||26|22385|121000304|이수역5번출구|36|23288|122000185|역삼역.포스코타워역삼|5,,
|40||26|22385|121000304|이수역5번출구|39|23297|122000193|래미안그레이튼아파트|8,,
|40||26|22385|121000304|이수역5번출구|38|23299|122000195|역삼동성당.역삼자이아파트|7,,
|40||26|22385|121000304|이수역5번출구|37|23305|122000201|대한사회복지회|7,,
|40||26|22385|121000304|이수역5번출구|42|23363|122000259|현대아파트|3,,
|40||26|22385|121000304|이수역5번출구|43|23364|122000260|개포래미안포레스트|1,,
|40||26|22385|121000304|이수역5번출구|40|23472|122000355|도곡중학교.강남세브란스병원|3,,
|40||27|22386|121000305|방배초등학교|32|22103|121000027|교대역2번출구|10,,
|40||27|22386|121000305|방배초등학교|34|22114|121000038|롯데칠성|4,,
|40||27|22386|121000305|방배초등학교|31|22136|121000060|서초역1번출구|6,,
|40||27|22386|121000305|방배초등학교|27|22386|121000305|방배초등학교|1,,
|40||27|22386|121000305|방배초등학교|28|22387|121000306|방배고개|2,,
|40||27|22386|121000305|방배초등학교|29|22415|121001327|내방역1번출구|7,,
|40||27|22386|121000305|방배초등학교|30|22608|121001329|서리풀문화광장|8,,
|40||27|22386|121000305|방배초등학교|35|23287|122000184|강남역1번출구.역삼세무서|6,,
|40||27|22386|121000305|방배초등학교|36|23288|122000185|역삼역.포스코타워역삼|8,,
|40||27|22386|121000305|방배초등학교|38|23299|122000195|역삼동성당.역삼자이아파트|1,,
|40||27|22386|121000305|방배초등학교|37|23305|122000201|대한사회복지회|4,,
|40||27|22386|121000305|방배초등학교|43|23364|122000260|개포래미안포레스트|1,,
|40||28|22387|121000306|방배고개|32|22103|121000027|교대역2번출구|9,,
|40||28|22387|121000306|방배고개|33|22104|121000028|서초동유원아파트|6,,
|40||28|22387|121000306|방배고개|34|22114|121000038|롯데칠성|8,,
|40||28|22387|121000306|방배고개|31|22136|121000060|서초역1번출구|9,,
|40||28|22387|121000306|방배고개|28|22387|121000306|방배고개|1,,
|40||28|22387|121000306|방배고개|29|22415|121001327|내방역1번출구|3,,
|40||28|22387|121000306|방배고개|30|22608|121001329|서리풀문화광장|14,,
|40||28|22387|121000306|방배고개|35|23287|122000184|강남역1번출구.역삼세무서|11,,
|40||28|22387|121000306|방배고개|36|23288|122000185|역삼역.포스코타워역삼|6,,
|40||28|22387|121000306|방배고개|39|23297|122000193|래미안그레이튼아파트|8,,
|40||28|22387|121000306|방배고개|38|23299|122000195|역삼동성당.역삼자이아파트|2,,
|40||28|22387|121000306|방배고개|37|23305|122000201|대한사회복지회|3,,
|40||28|22387|121000306|방배고개|42|23363|122000259|현대아파트|1,,
|40||29|22415|121001327|내방역1번출구|32|22103|121000027|교대역2번출구|27,,
|40||29|22415|121001327|내방역1번출구|33|22104|121000028|서초동유원아파트|14,,
|40||29|22415|121001327|내방역1번출구|34|22114|121000038|롯데칠성|18,,
|40||29|22415|121001327|내방역1번출구|31|22136|121000060|서초역1번출구|24,,
|40||29|22415|121001327|내방역1번출구|29|22415|121001327|내방역1번출구|9,,
|40||29|22415|121001327|내방역1번출구|30|22608|121001329|서리풀문화광장|78,,
|40||29|22415|121001327|내방역1번출구|35|23287|122000184|강남역1번출구.역삼세무서|37,,
|40||29|22415|121001327|내방역1번출구|36|23288|122000185|역삼역.포스코타워역삼|7,,
|40||29|22415|121001327|내방역1번출구|39|23297|122000193|래미안그레이튼아파트|8,,
|40||29|22415|121001327|내방역1번출구|38|23299|122000195|역삼동성당.역삼자이아파트|8,,
|40||29|22415|121001327|내방역1번출구|37|23305|122000201|대한사회복지회|11,,
|40||29|22415|121001327|내방역1번출구|40|23472|122000355|도곡중학교.강남세브란스병원|4,,
|40||30|22608|121001329|서리풀문화광장|32|22103|121000027|교대역2번출구|5,,
|40||30|22608|121001329|서리풀문화광장|33|22104|121000028|서초동유원아파트|3,,
|40||30|22608|121001329|서리풀문화광장|34|22114|121000038|롯데칠성|5,,
|40||30|22608|121001329|서리풀문화광장|31|22136|121000060|서초역1번출구|3,,
|40||30|22608|121001329|서리풀문화광장|30|22608|121001329|서리풀문화광장|1,,
|40||30|22608|121001329|서리풀문화광장|35|23287|122000184|강남역1번출구.역삼세무서|3,,
|40||30|22608|121001329|서리풀문화광장|36|23288|122000185|역삼역.포스코타워역삼|1,,
|40||30|22608|121001329|서리풀문화광장|39|23297|122000193|래미안그레이튼아파트|3,,
|40||30|22608|121001329|서리풀문화광장|38|23299|122000195|역삼동성당.역삼자이아파트|3,,
|40||30|22608|121001329|서리풀문화광장|37|23305|122000201|대한사회복지회|4,,
|40||30|22608|121001329|서리풀문화광장|41|23325|122000221|개포한신.우성4차아파트|1,,
|40||30|22608|121001329|서리풀문화광장|42|23363|122000259|현대아파트|2,,
|40||30|22608|121001329|서리풀문화광장|43|23364|122000260|개포래미안포레스트|1,,
|40||31|22136|121000060|서초역1번출구|32|22103|121000027|교대역2번출구|15,,
|40||31|22136|121000060|서초역1번출구|33|22104|121000028|서초동유원아파트|6,,
|40||31|22136|121000060|서초역1번출구|34|22114|121000038|롯데칠성|7,,
|40||31|22136|121000060|서초역1번출구|31|22136|121000060|서초역1번출구|1,,
|40||31|22136|121000060|서초역1번출구|35|23287|122000184|강남역1번출구.역삼세무서|13,,
|40||31|22136|121000060|서초역1번출구|36|23288|122000185|역삼역.포스코타워역삼|13,,
|40||31|22136|121000060|서초역1번출구|39|23297|122000193|래미안그레이튼아파트|10,,
|40||31|22136|121000060|서초역1번출구|38|23299|122000195|역삼동성당.역삼자이아파트|12,,
|40||31|22136|121000060|서초역1번출구|37|23305|122000201|대한사회복지회|19,,
|40||31|22136|121000060|서초역1번출구|41|23325|122000221|개포한신.우성4차아파트|1,,
|40||31|22136|121000060|서초역1번출구|43|23364|122000260|개포래미안포레스트|3,,
|40||31|22136|121000060|서초역1번출구|40|23472|122000355|도곡중학교.강남세브란스병원|7,,
|40||32|22103|121000027|교대역2번출구|32|22103|121000027|교대역2번출구|5,,
|40||32|22103|121000027|교대역2번출구|33|22104|121000028|서초동유원아파트|10,,
|40||32|22103|121000027|교대역2번출구|34|22114|121000038|롯데칠성|8,,
|40||32|22103|121000027|교대역2번출구|35|23287|122000184|강남역1번출구.역삼세무서|19,,
|40||32|22103|121000027|교대역2번출구|36|23288|122000185|역삼역.포스코타워역삼|13,,
|40||32|22103|121000027|교대역2번출구|39|23297|122000193|래미안그레이튼아파트|9,,
|40||32|22103|121000027|교대역2번출구|38|23299|122000195|역삼동성당.역삼자이아파트|14,,
|40||32|22103|121000027|교대역2번출구|37|23305|122000201|대한사회복지회|15,,
|40||32|22103|121000027|교대역2번출구|42|23363|122000259|현대아파트|3,,
|40||32|22103|121000027|교대역2번출구|43|23364|122000260|개포래미안포레스트|8,,
|40||32|22103|121000027|교대역2번출구|46|23459|122000345|디에이치퍼스티어아이파크|1,,
|40||32|22103|121000027|교대역2번출구|40|23472|122000355|도곡중학교.강남세브란스병원|2,,
|40||33|22104|121000028|서초동유원아파트|33|22104|121000028|서초동유원아파트|1,,
|40||33|22104|121000028|서초동유원아파트|34|22114|121000038|롯데칠성|6,,
|40||33|22104|121000028|서초동유원아파트|35|23287|122000184|강남역1번출구.역삼세무서|26,,
|40||33|22104|121000028|서초동유원아파트|36|23288|122000185|역삼역.포스코타워역삼|11,,
|40||33|22104|121000028|서초동유원아파트|38|23299|122000195|역삼동성당.역삼자이아파트|7,,
|40||33|22104|121000028|서초동유원아파트|37|23305|122000201|대한사회복지회|11,,
|40||33|22104|121000028|서초동유원아파트|41|23325|122000221|개포한신.우성4차아파트|1,,
|40||33|22104|121000028|서초동유원아파트|42|23363|122000259|현대아파트|2,,
|40||33|22104|121000028|서초동유원아파트|43|23364|122000260|개포래미안포레스트|3,,
|40||33|22104|121000028|서초동유원아파트|44|23445|122000333|개포우성아파트|1,,
|40||33|22104|121000028|서초동유원아파트|40|23472|122000355|도곡중학교.강남세브란스병원|2,,
|40||34|22114|121000038|롯데칠성|35|23287|122000184|강남역1번출구.역삼세무서|6,,
|40||34|22114|121000038|롯데칠성|36|23288|122000185|역삼역.포스코타워역삼|7,,
|40||34|22114|121000038|롯데칠성|39|23297|122000193|래미안그레이튼아파트|7,,
|40||34|22114|121000038|롯데칠성|38|23299|122000195|역삼동성당.역삼자이아파트|9,,
|40||34|22114|121000038|롯데칠성|37|23305|122000201|대한사회복지회|9,,
|40||34|22114|121000038|롯데칠성|41|23325|122000221|개포한신.우성4차아파트|1,,
|40||34|22114|121000038|롯데칠성|42|23363|122000259|현대아파트|3,,
|40||34|22114|121000038|롯데칠성|43|23364|122000260|개포래미안포레스트|4,,
|40||35|23287|122000184|강남역1번출구.역삼세무서|35|23287|122000184|강남역1번출구.역삼세무서|3,,
|40||35|23287|122000184|강남역1번출구.역삼세무서|36|23288|122000185|역삼역.포스코타워역삼|16,,
|40||35|23287|122000184|강남역1번출구.역삼세무서|39|23297|122000193|래미안그레이튼아파트|33,,
|40||35|23287|122000184|강남역1번출구.역삼세무서|38|23299|122000195|역삼동성당.역삼자이아파트|33,,
|40||35|23287|122000184|강남역1번출구.역삼세무서|37|23305|122000201|대한사회복지회|24,,
|40||35|23287|122000184|강남역1번출구.역삼세무서|41|23325|122000221|개포한신.우성4차아파트|6,,
|40||35|23287|122000184|강남역1번출구.역삼세무서|45|23338|122000234|개포파크빌리지|3,,
|40||35|23287|122000184|강남역1번출구.역삼세무서|42|23363|122000259|현대아파트|21,,
|40||35|23287|122000184|강남역1번출구.역삼세무서|43|23364|122000260|개포래미안포레스트|37,,
|40||35|23287|122000184|강남역1번출구.역삼세무서|44|23445|122000333|개포우성아파트|12,,
|40||35|23287|122000184|강남역1번출구.역삼세무서|40|23472|122000355|도곡중학교.강남세브란스병원|28,,
|40||36|23288|122000185|역삼역.포스코타워역삼|36|23288|122000185|역삼역.포스코타워역삼|1,,
|40||36|23288|122000185|역삼역.포스코타워역삼|39|23297|122000193|래미안그레이튼아파트|4,,
|40||36|23288|122000185|역삼역.포스코타워역삼|38|23299|122000195|역삼동성당.역삼자이아파트|11,,
|40||36|23288|122000185|역삼역.포스코타워역삼|37|23305|122000201|대한사회복지회|12,,
|40||36|23288|122000185|역삼역.포스코타워역삼|41|23325|122000221|개포한신.우성4차아파트|16,,
|40||36|23288|122000185|역삼역.포스코타워역삼|42|23363|122000259|현대아파트|13,,
|40||36|23288|122000185|역삼역.포스코타워역삼|43|23364|122000260|개포래미안포레스트|23,,
|40||36|23288|122000185|역삼역.포스코타워역삼|44|23445|122000333|개포우성아파트|11,,
|40||36|23288|122000185|역삼역.포스코타워역삼|40|23472|122000355|도곡중학교.강남세브란스병원|11,,
|40||37|23305|122000201|대한사회복지회|39|23297|122000193|래미안그레이튼아파트|12,,
|40||37|23305|122000201|대한사회복지회|38|23299|122000195|역삼동성당.역삼자이아파트|14,,
|40||37|23305|122000201|대한사회복지회|37|23305|122000201|대한사회복지회|6,,
|40||37|23305|122000201|대한사회복지회|41|23325|122000221|개포한신.우성4차아파트|3,,
|40||37|23305|122000201|대한사회복지회|45|23338|122000234|개포파크빌리지|2,,
|40||37|23305|122000201|대한사회복지회|42|23363|122000259|현대아파트|7,,
|40||37|23305|122000201|대한사회복지회|43|23364|122000260|개포래미안포레스트|7,,
|40||37|23305|122000201|대한사회복지회|44|23445|122000333|개포우성아파트|2,,
|40||37|23305|122000201|대한사회복지회|40|23472|122000355|도곡중학교.강남세브란스병원|11,,
|40||38|23299|122000195|역삼동성당.역삼자이아파트|41|23325|122000221|개포한신.우성4차아파트|15,,
|40||38|23299|122000195|역삼동성당.역삼자이아파트|42|23363|122000259|현대아파트|4,,
|40||38|23299|122000195|역삼동성당.역삼자이아파트|43|23364|122000260|개포래미안포레스트|5,,
|40||38|23299|122000195|역삼동성당.역삼자이아파트|44|23445|122000333|개포우성아파트|5,,
|40||38|23299|122000195|역삼동성당.역삼자이아파트|40|23472|122000355|도곡중학교.강남세브란스병원|9,,
|40||39|23297|122000193|래미안그레이튼아파트|39|23297|122000193|래미안그레이튼아파트|2,,
|40||39|23297|122000193|래미안그레이튼아파트|41|23325|122000221|개포한신.우성4차아파트|5,,
|40||39|23297|122000193|래미안그레이튼아파트|42|23363|122000259|현대아파트|4,,
|40||39|23297|122000193|래미안그레이튼아파트|44|23445|122000333|개포우성아파트|1,,
|40||39|23297|122000193|래미안그레이튼아파트|40|23472|122000355|도곡중학교.강남세브란스병원|3,,
|40||40|23472|122000355|도곡중학교.강남세브란스병원|41|23325|122000221|개포한신.우성4차아파트|11,,
|40||40|23472|122000355|도곡중학교.강남세브란스병원|45|23338|122000234|개포파크빌리지|2,,
|40||40|23472|122000355|도곡중학교.강남세브란스병원|42|23363|122000259|현대아파트|15,,
|40||40|23472|122000355|도곡중학교.강남세브란스병원|43|23364|122000260|개포래미안포레스트|12,,
|40||40|23472|122000355|도곡중학교.강남세브란스병원|44|23445|122000333|개포우성아파트|3,,
|40||41|23325|122000221|개포한신.우성4차아파트|41|23325|122000221|개포한신.우성4차아파트|2,,
|40||41|23325|122000221|개포한신.우성4차아파트|42|23363|122000259|현대아파트|8,,
|40||41|23325|122000221|개포한신.우성4차아파트|43|23364|122000260|개포래미안포레스트|5,,
|40||41|23325|122000221|개포한신.우성4차아파트|44|23445|122000333|개포우성아파트|3,,
|40||43|23364|122000260|개포래미안포레스트|44|23445|122000333|개포우성아파트|1,,
|40||45|23338|122000234|개포파크빌리지|72|20172|119000079|숭실대별관앞|1,,
|40||45|23338|122000234|개포파크빌리지|67|20180|119000087|남성역골목시장|1,,
|40||45|23338|122000234|개포파크빌리지|60|22134|121000058|교대역10번출구|2,,
|40||45|23338|122000234|개포파크빌리지|57|22168|121000092|서초동진흥아파트|1,,
|40||45|23338|122000234|개포파크빌리지|59|22170|121000094|지하철2호선교대역4번출구|1,,
|40||45|23338|122000234|개포파크빌리지|61|22426|121001328|대법원앞|1,,
|40||45|23338|122000234|개포파크빌리지|55|23284|122000181|강남역12번출구|4,,
|40||45|23338|122000234|개포파크빌리지|53|23293|122000189|역삼초등학교|2,,
|40||45|23338|122000234|개포파크빌리지|52|23303|122000199|총지사|1,,
|40||45|23338|122000234|개포파크빌리지|49|23326|122000222|우성캐릭터빌아파트|2,,
|40||45|23338|122000234|개포파크빌리지|48|23340|122000236|현대아파트경남아파트|1,,
|40||45|23338|122000234|개포파크빌리지|54|23444||역삼1동주민센터|2,,
|40||45|23338|122000234|개포파크빌리지|50|23469|122000352|강남세브란스병원|12,,
|40||45|23338|122000234|개포파크빌리지|51|23513|122000390|신한은행데이터센터|4,,
|40||46|23459|122000345|디에이치퍼스티어아이파크|75|20163|119000070|상도동중앙하이츠빌.상도전통시장|1,,
|40||46|23459|122000345|디에이치퍼스티어아이파크|74|20166|119000073|숭실대입구역|1,,
|40||46|23459|122000345|디에이치퍼스티어아이파크|66|20183|119000090|남성초등학교|1,,
|40||46|23459|122000345|디에이치퍼스티어아이파크|65|20185|119000092|이수역10번출구|1,,
|40||46|23459|122000345|디에이치퍼스티어아이파크|56|22167|121000091|강남역9번출구|9,,
|40||46|23459|122000345|디에이치퍼스티어아이파크|59|22170|121000094|지하철2호선교대역4번출구|1,,
|40||46|23459|122000345|디에이치퍼스티어아이파크|62|22391|121000310|내방역|4,,
|40||46|23459|122000345|디에이치퍼스티어아이파크|63|22392|121000311|방배고개.방배초등학교|2,,
|40||46|23459|122000345|디에이치퍼스티어아이파크|64|22393|119000285|이수역|1,,
|40||46|23459|122000345|디에이치퍼스티어아이파크|61|22426|121001328|대법원앞|1,,
|40||46|23459|122000345|디에이치퍼스티어아이파크|55|23284|122000181|강남역12번출구|17,,
|40||46|23459|122000345|디에이치퍼스티어아이파크|53|23293|122000189|역삼초등학교|6,,
|40||46|23459|122000345|디에이치퍼스티어아이파크|52|23303|122000199|총지사|6,,
|40||46|23459|122000345|디에이치퍼스티어아이파크|49|23326|122000222|우성캐릭터빌아파트|9,,
|40||46|23459|122000345|디에이치퍼스티어아이파크|47|23339|122000235|구룡초교사거리|1,,
|40||46|23459|122000345|디에이치퍼스티어아이파크|48|23340|122000236|현대아파트경남아파트|3,,
|40||46|23459|122000345|디에이치퍼스티어아이파크|54|23444||역삼1동주민센터|7,,
|40||46|23459|122000345|디에이치퍼스티어아이파크|46|23459|122000345|디에이치퍼스티어아이파크|1,,
|40||46|23459|122000345|디에이치퍼스티어아이파크|50|23469|122000352|강남세브란스병원|7,,
|40||46|23459|122000345|디에이치퍼스티어아이파크|51|23513|122000390|신한은행데이터센터|2,,
|40||47|23339|122000235|구룡초교사거리|76|20161|119000068|상도역|1,,
|40||47|23339|122000235|구룡초교사거리|67|20180|119000087|남성역골목시장|2,,
|40||47|23339|122000235|구룡초교사거리|66|20183|119000090|남성초등학교|1,,
|40||47|23339|122000235|구룡초교사거리|80|20191|119000098|노량진초등학교앞|1,,
|40||47|23339|122000235|구룡초교사거리|60|22134|121000058|교대역10번출구|1,,
|40||47|23339|122000235|구룡초교사거리|56|22167|121000091|강남역9번출구|2,,
|40||47|23339|122000235|구룡초교사거리|58|22169|121000093|서초동유원아파트|1,,
|40||47|23339|122000235|구룡초교사거리|59|22170|121000094|지하철2호선교대역4번출구|2,,
|40||47|23339|122000235|구룡초교사거리|55|23284|122000181|강남역12번출구|11,,
|40||47|23339|122000235|구룡초교사거리|53|23293|122000189|역삼초등학교|1,,
|40||47|23339|122000235|구룡초교사거리|52|23303|122000199|총지사|3,,
|40||47|23339|122000235|구룡초교사거리|49|23326|122000222|우성캐릭터빌아파트|3,,
|40||47|23339|122000235|구룡초교사거리|48|23340|122000236|현대아파트경남아파트|1,,
|40||47|23339|122000235|구룡초교사거리|54|23444||역삼1동주민센터|6,,
|40||47|23339|122000235|구룡초교사거리|50|23469|122000352|강남세브란스병원|11,,
|40||47|23339|122000235|구룡초교사거리|51|23513|122000390|신한은행데이터센터|1,,
|40||48|23340|122000236|현대아파트경남아파트|74|20166|119000073|숭실대입구역|1,,
|40||48|23340|122000236|현대아파트경남아파트|60|22134|121000058|교대역10번출구|1,,
|40||48|23340|122000236|현대아파트경남아파트|56|22167|121000091|강남역9번출구|3,,
|40||48|23340|122000236|현대아파트경남아파트|57|22168|121000092|서초동진흥아파트|1,,
|40||48|23340|122000236|현대아파트경남아파트|58|22169|121000093|서초동유원아파트|1,,
|40||48|23340|122000236|현대아파트경남아파트|62|22391|121000310|내방역|3,,
|40||48|23340|122000236|현대아파트경남아파트|61|22426|121001328|대법원앞|1,,
|40||48|23340|122000236|현대아파트경남아파트|55|23284|122000181|강남역12번출구|5,,
|40||48|23340|122000236|현대아파트경남아파트|53|23293|122000189|역삼초등학교|4,,
|40||48|23340|122000236|현대아파트경남아파트|52|23303|122000199|총지사|2,,
|40||48|23340|122000236|현대아파트경남아파트|49|23326|122000222|우성캐릭터빌아파트|7,,
|40||48|23340|122000236|현대아파트경남아파트|54|23444||역삼1동주민센터|3,,
|40||48|23340|122000236|현대아파트경남아파트|50|23469|122000352|강남세브란스병원|9,,
|40||48|23340|122000236|현대아파트경남아파트|51|23513|122000390|신한은행데이터센터|1,,
|40||49|23326|122000222|우성캐릭터빌아파트|75|20163|119000070|상도동중앙하이츠빌.상도전통시장|1,,
|40||49|23326|122000222|우성캐릭터빌아파트|73|20170|119000077|숭실대중문앞|1,,
|40||49|23326|122000222|우성캐릭터빌아파트|72|20172|119000079|숭실대별관앞|1,,
|40||49|23326|122000222|우성캐릭터빌아파트|67|20180|119000087|남성역골목시장|2,,
|40||49|23326|122000222|우성캐릭터빌아파트|60|22134|121000058|교대역10번출구|2,,
|40||49|23326|122000222|우성캐릭터빌아파트|56|22167|121000091|강남역9번출구|3,,
|40||49|23326|122000222|우성캐릭터빌아파트|59|22170|121000094|지하철2호선교대역4번출구|1,,
|40||49|23326|122000222|우성캐릭터빌아파트|62|22391|121000310|내방역|5,,
|40||49|23326|122000222|우성캐릭터빌아파트|64|22393|119000285|이수역|1,,
|40||49|23326|122000222|우성캐릭터빌아파트|61|22426|121001328|대법원앞|1,,
|40||49|23326|122000222|우성캐릭터빌아파트|55|23284|122000181|강남역12번출구|5,,
|40||49|23326|122000222|우성캐릭터빌아파트|53|23293|122000189|역삼초등학교|8,,
|40||49|23326|122000222|우성캐릭터빌아파트|52|23303|122000199|총지사|3,,
|40||49|23326|122000222|우성캐릭터빌아파트|54|23444||역삼1동주민센터|6,,
|40||49|23326|122000222|우성캐릭터빌아파트|50|23469|122000352|강남세브란스병원|15,,
|40||49|23326|122000222|우성캐릭터빌아파트|51|23513|122000390|신한은행데이터센터|12,,
|40||50|23469|122000352|강남세브란스병원|75|20163|119000070|상도동중앙하이츠빌.상도전통시장|2,,
|40||50|23469|122000352|강남세브란스병원|74|20166|119000073|숭실대입구역|3,,
|40||50|23469|122000352|강남세브란스병원|69|20177|119000084|사당중학교|1,,
|40||50|23469|122000352|강남세브란스병원|67|20180|119000087|남성역골목시장|2,,
|40||50|23469|122000352|강남세브란스병원|65|20185|119000092|이수역10번출구|2,,
|40||50|23469|122000352|강남세브란스병원|80|20191|119000098|노량진초등학교앞|1,,
|40||50|23469|122000352|강남세브란스병원|71|20213|119000320|사당롯데캐슬골든포레.사당해그린|1,,
|40||50|23469|122000352|강남세브란스병원|60|22134|121000058|교대역10번출구|1,,
|40||50|23469|122000352|강남세브란스병원|56|22167|121000091|강남역9번출구|2,,
|40||50|23469|122000352|강남세브란스병원|57|22168|121000092|서초동진흥아파트|3,,
|40||50|23469|122000352|강남세브란스병원|58|22169|121000093|서초동유원아파트|1,,
|40||50|23469|122000352|강남세브란스병원|59|22170|121000094|지하철2호선교대역4번출구|4,,
|40||50|23469|122000352|강남세브란스병원|62|22391|121000310|내방역|5,,
|40||50|23469|122000352|강남세브란스병원|63|22392|121000311|방배고개.방배초등학교|1,,
|40||50|23469|122000352|강남세브란스병원|64|22393|119000285|이수역|3,,
|40||50|23469|122000352|강남세브란스병원|55|23284|122000181|강남역12번출구|8,,
|40||50|23469|122000352|강남세브란스병원|53|23293|122000189|역삼초등학교|4,,
|40||50|23469|122000352|강남세브란스병원|52|23303|122000199|총지사|2,,
|40||50|23469|122000352|강남세브란스병원|54|23444||역삼1동주민센터|3,,
|40||50|23469|122000352|강남세브란스병원|50|23469|122000352|강남세브란스병원|1,,
|40||50|23469|122000352|강남세브란스병원|51|23513|122000390|신한은행데이터센터|3,,
|40||51|23513|122000390|신한은행데이터센터|81|20114|119000024|노량진역3번출구|1,,
|40||51|23513|122000390|신한은행데이터센터|76|20161|119000068|상도역|2,,
|40||51|23513|122000390|신한은행데이터센터|73|20170|119000077|숭실대중문앞|1,,
|40||51|23513|122000390|신한은행데이터센터|72|20172|119000079|숭실대별관앞|3,,
|40||51|23513|122000390|신한은행데이터센터|70|20174|119000081|총신대|2,,
|40||51|23513|122000390|신한은행데이터센터|69|20177|119000084|사당중학교|1,,
|40||51|23513|122000390|신한은행데이터센터|68|20178|119000085|남성역|2,,
|40||51|23513|122000390|신한은행데이터센터|66|20183|119000090|남성초등학교|1,,
|40||51|23513|122000390|신한은행데이터센터|65|20185|119000092|이수역10번출구|5,,
|40||51|23513|122000390|신한은행데이터센터|71|20213|119000320|사당롯데캐슬골든포레.사당해그린|4,,
|40||51|23513|122000390|신한은행데이터센터|60|22134|121000058|교대역10번출구|5,,
|40||51|23513|122000390|신한은행데이터센터|56|22167|121000091|강남역9번출구|10,,
|40||51|23513|122000390|신한은행데이터센터|57|22168|121000092|서초동진흥아파트|2,,
|40||51|23513|122000390|신한은행데이터센터|58|22169|121000093|서초동유원아파트|7,,
|40||51|23513|122000390|신한은행데이터센터|59|22170|121000094|지하철2호선교대역4번출구|5,,
|40||51|23513|122000390|신한은행데이터센터|62|22391|121000310|내방역|10,,
|40||51|23513|122000390|신한은행데이터센터|63|22392|121000311|방배고개.방배초등학교|4,,
|40||51|23513|122000390|신한은행데이터센터|64|22393|119000285|이수역|4,,
|40||51|23513|122000390|신한은행데이터센터|61|22426|121001328|대법원앞|1,,
|40||51|23513|122000390|신한은행데이터센터|55|23284|122000181|강남역12번출구|33,,
|40||51|23513|122000390|신한은행데이터센터|53|23293|122000189|역삼초등학교|14,,
|40||51|23513|122000390|신한은행데이터센터|52|23303|122000199|총지사|7,,
|40||51|23513|122000390|신한은행데이터센터|54|23444||역삼1동주민센터|16,,
|40||51|23513|122000390|신한은행데이터센터|51|23513|122000390|신한은행데이터센터|3,,
|40||52|23303|122000199|총지사|81|20114|119000024|노량진역3번출구|1,,
|40||52|23303|122000199|총지사|76|20161|119000068|상도역|2,,
|40||52|23303|122000199|총지사|75|20163|119000070|상도동중앙하이츠빌.상도전통시장|1,,
|40||52|23303|122000199|총지사|74|20166|119000073|숭실대입구역|1,,
|40||52|23303|122000199|총지사|73|20170|119000077|숭실대중문앞|1,,
|40||52|23303|122000199|총지사|69|20177|119000084|사당중학교|1,,
|40||52|23303|122000199|총지사|67|20180|119000087|남성역골목시장|3,,
|40||52|23303|122000199|총지사|65|20185|119000092|이수역10번출구|3,,
|40||52|23303|122000199|총지사|79|20193|119000100|청화병원|1,,
|40||52|23303|122000199|총지사|60|22134|121000058|교대역10번출구|3,,
|40||52|23303|122000199|총지사|56|22167|121000091|강남역9번출구|19,,
|40||52|23303|122000199|총지사|57|22168|121000092|서초동진흥아파트|3,,
|40||52|23303|122000199|총지사|58|22169|121000093|서초동유원아파트|5,,
|40||52|23303|122000199|총지사|59|22170|121000094|지하철2호선교대역4번출구|1,,
|40||52|23303|122000199|총지사|62|22391|121000310|내방역|9,,
|40||52|23303|122000199|총지사|63|22392|121000311|방배고개.방배초등학교|1,,
|40||52|23303|122000199|총지사|64|22393|119000285|이수역|2,,
|40||52|23303|122000199|총지사|61|22426|121001328|대법원앞|1,,
|40||52|23303|122000199|총지사|55|23284|122000181|강남역12번출구|43,,
|40||52|23303|122000199|총지사|53|23293|122000189|역삼초등학교|16,,
|40||52|23303|122000199|총지사|52|23303|122000199|총지사|3,,
|40||52|23303|122000199|총지사|54|23444||역삼1동주민센터|9,,
|40||53|23293|122000189|역삼초등학교|78|20153|119000060|동작구청.동작보건소건강관리청|1,,
|40||53|23293|122000189|역삼초등학교|77|20155|119000062|상도노빌리티아파트|1,,
|40||53|23293|122000189|역삼초등학교|76|20161|119000068|상도역|1,,
|40||53|23293|122000189|역삼초등학교|74|20166|119000073|숭실대입구역|2,,
|40||53|23293|122000189|역삼초등학교|72|20172|119000079|숭실대별관앞|3,,
|40||53|23293|122000189|역삼초등학교|68|20178|119000085|남성역|2,,
|40||53|23293|122000189|역삼초등학교|66|20183|119000090|남성초등학교|1,,
|40||53|23293|122000189|역삼초등학교|65|20185|119000092|이수역10번출구|3,,
|40||53|23293|122000189|역삼초등학교|71|20213|119000320|사당롯데캐슬골든포레.사당해그린|2,,
|40||53|23293|122000189|역삼초등학교|60|22134|121000058|교대역10번출구|5,,
|40||53|23293|122000189|역삼초등학교|56|22167|121000091|강남역9번출구|11,,
|40||53|23293|122000189|역삼초등학교|57|22168|121000092|서초동진흥아파트|2,,
|40||53|23293|122000189|역삼초등학교|58|22169|121000093|서초동유원아파트|3,,
|40||53|23293|122000189|역삼초등학교|59|22170|121000094|지하철2호선교대역4번출구|7,,
|40||53|23293|122000189|역삼초등학교|62|22391|121000310|내방역|6,,
|40||53|23293|122000189|역삼초등학교|63|22392|121000311|방배고개.방배초등학교|7,,
|40||53|23293|122000189|역삼초등학교|64|22393|119000285|이수역|5,,
|40||53|23293|122000189|역삼초등학교|61|22426|121001328|대법원앞|3,,
|40||53|23293|122000189|역삼초등학교|55|23284|122000181|강남역12번출구|23,,
|40||53|23293|122000189|역삼초등학교|54|23444||역삼1동주민센터|5,,
|40||54|23444||역삼1동주민센터|83|03001|102000001|한강대교북단.LG유플러스|1,,
|40||54|23444||역삼1동주민센터|77|20155|119000062|상도노빌리티아파트|1,,
|40||54|23444||역삼1동주민센터|76|20161|119000068|상도역|3,,
|40||54|23444||역삼1동주민센터|75|20163|119000070|상도동중앙하이츠빌.상도전통시장|1,,
|40||54|23444||역삼1동주민센터|74|20166|119000073|숭실대입구역|4,,
|40||54|23444||역삼1동주민센터|73|20170|119000077|숭실대중문앞|5,,
|40||54|23444||역삼1동주민센터|72|20172|119000079|숭실대별관앞|5,,
|40||54|23444||역삼1동주민센터|70|20174|119000081|총신대|1,,
|40||54|23444||역삼1동주민센터|68|20178|119000085|남성역|1,,
|40||54|23444||역삼1동주민센터|67|20180|119000087|남성역골목시장|4,,
|40||54|23444||역삼1동주민센터|65|20185|119000092|이수역10번출구|6,,
|40||54|23444||역삼1동주민센터|79|20193|119000100|청화병원|1,,
|40||54|23444||역삼1동주민센터|71|20213|119000320|사당롯데캐슬골든포레.사당해그린|1,,
|40||54|23444||역삼1동주민센터|60|22134|121000058|교대역10번출구|2,,
|40||54|23444||역삼1동주민센터|56|22167|121000091|강남역9번출구|3,,
|40||54|23444||역삼1동주민센터|57|22168|121000092|서초동진흥아파트|1,,
|40||54|23444||역삼1동주민센터|62|22391|121000310|내방역|10,,
|40||54|23444||역삼1동주민센터|63|22392|121000311|방배고개.방배초등학교|4,,
|40||54|23444||역삼1동주민센터|64|22393|119000285|이수역|5,,
|40||54|23444||역삼1동주민센터|61|22426|121001328|대법원앞|2,,
|40||54|23444||역삼1동주민센터|55|23284|122000181|강남역12번출구|5,,
|40||55|23284|122000181|강남역12번출구|78|20153|119000060|동작구청.동작보건소건강관리청|1,,
|40||55|23284|122000181|강남역12번출구|77|20155|119000062|상도노빌리티아파트|7,,
|40||55|23284|122000181|강남역12번출구|76|20161|119000068|상도역|9,,
|40||55|23284|122000181|강남역12번출구|75|20163|119000070|상도동중앙하이츠빌.상도전통시장|6,,
|40||55|23284|122000181|강남역12번출구|74|20166|119000073|숭실대입구역|10,,
|40||55|23284|122000181|강남역12번출구|73|20170|119000077|숭실대중문앞|8,,
|40||55|23284|122000181|강남역12번출구|72|20172|119000079|숭실대별관앞|8,,
|40||55|23284|122000181|강남역12번출구|70|20174|119000081|총신대|6,,
|40||55|23284|122000181|강남역12번출구|69|20177|119000084|사당중학교|5,,
|40||55|23284|122000181|강남역12번출구|68|20178|119000085|남성역|10,,
|40||55|23284|122000181|강남역12번출구|67|20180|119000087|남성역골목시장|17,,
|40||55|23284|122000181|강남역12번출구|66|20183|119000090|남성초등학교|10,,
|40||55|23284|122000181|강남역12번출구|65|20185|119000092|이수역10번출구|11,,
|40||55|23284|122000181|강남역12번출구|71|20213|119000320|사당롯데캐슬골든포레.사당해그린|10,,
|40||55|23284|122000181|강남역12번출구|60|22134|121000058|교대역10번출구|6,,
|40||55|23284|122000181|강남역12번출구|57|22168|121000092|서초동진흥아파트|2,,
|40||55|23284|122000181|강남역12번출구|58|22169|121000093|서초동유원아파트|4,,
|40||55|23284|122000181|강남역12번출구|59|22170|121000094|지하철2호선교대역4번출구|3,,
|40||55|23284|122000181|강남역12번출구|62|22391|121000310|내방역|32,,
|40||55|23284|122000181|강남역12번출구|63|22392|121000311|방배고개.방배초등학교|11,,
|40||55|23284|122000181|강남역12번출구|64|22393|119000285|이수역|16,,
|40||55|23284|122000181|강남역12번출구|61|22426|121001328|대법원앞|7,,
|40||56|22167|121000091|강남역9번출구|78|20153|119000060|동작구청.동작보건소건강관리청|3,,
|40||56|22167|121000091|강남역9번출구|77|20155|119000062|상도노빌리티아파트|6,,
|40||56|22167|121000091|강남역9번출구|76|20161|119000068|상도역|4,,
|40||56|22167|121000091|강남역9번출구|75|20163|119000070|상도동중앙하이츠빌.상도전통시장|11,,
|40||56|22167|121000091|강남역9번출구|74|20166|119000073|숭실대입구역|9,,
|40||56|22167|121000091|강남역9번출구|73|20170|119000077|숭실대중문앞|16,,
|40||56|22167|121000091|강남역9번출구|72|20172|119000079|숭실대별관앞|24,,
|40||56|22167|121000091|강남역9번출구|70|20174|119000081|총신대|11,,
|40||56|22167|121000091|강남역9번출구|69|20177|119000084|사당중학교|8,,
|40||56|22167|121000091|강남역9번출구|68|20178|119000085|남성역|4,,
|40||56|22167|121000091|강남역9번출구|67|20180|119000087|남성역골목시장|23,,
|40||56|22167|121000091|강남역9번출구|66|20183|119000090|남성초등학교|7,,
|40||56|22167|121000091|강남역9번출구|65|20185|119000092|이수역10번출구|10,,
|40||56|22167|121000091|강남역9번출구|71|20213|119000320|사당롯데캐슬골든포레.사당해그린|7,,
|40||56|22167|121000091|강남역9번출구|60|22134|121000058|교대역10번출구|8,,
|40||56|22167|121000091|강남역9번출구|56|22167|121000091|강남역9번출구|1,,
|40||56|22167|121000091|강남역9번출구|57|22168|121000092|서초동진흥아파트|17,,
|40||56|22167|121000091|강남역9번출구|58|22169|121000093|서초동유원아파트|20,,
|40||56|22167|121000091|강남역9번출구|59|22170|121000094|지하철2호선교대역4번출구|12,,
|40||56|22167|121000091|강남역9번출구|62|22391|121000310|내방역|34,,
|40||56|22167|121000091|강남역9번출구|63|22392|121000311|방배고개.방배초등학교|13,,
|40||56|22167|121000091|강남역9번출구|64|22393|119000285|이수역|18,,
|40||56|22167|121000091|강남역9번출구|61|22426|121001328|대법원앞|18,,
|40||57|22168|121000092|서초동진흥아파트|82|20013|119000013|노들역|1,,
|40||57|22168|121000092|서초동진흥아파트|77|20155|119000062|상도노빌리티아파트|2,,
|40||57|22168|121000092|서초동진흥아파트|76|20161|119000068|상도역|1,,
|40||57|22168|121000092|서초동진흥아파트|74|20166|119000073|숭실대입구역|1,,
|40||57|22168|121000092|서초동진흥아파트|73|20170|119000077|숭실대중문앞|1,,
|40||57|22168|121000092|서초동진흥아파트|72|20172|119000079|숭실대별관앞|3,,
|40||57|22168|121000092|서초동진흥아파트|70|20174|119000081|총신대|1,,
|40||57|22168|121000092|서초동진흥아파트|69|20177|119000084|사당중학교|2,,
|40||57|22168|121000092|서초동진흥아파트|68|20178|119000085|남성역|1,,
|40||57|22168|121000092|서초동진흥아파트|66|20183|119000090|남성초등학교|1,,
|40||57|22168|121000092|서초동진흥아파트|65|20185|119000092|이수역10번출구|8,,
|40||57|22168|121000092|서초동진흥아파트|71|20213|119000320|사당롯데캐슬골든포레.사당해그린|2,,
|40||57|22168|121000092|서초동진흥아파트|60|22134|121000058|교대역10번출구|4,,
|40||57|22168|121000092|서초동진흥아파트|58|22169|121000093|서초동유원아파트|7,,
|40||57|22168|121000092|서초동진흥아파트|59|22170|121000094|지하철2호선교대역4번출구|7,,
|40||57|22168|121000092|서초동진흥아파트|62|22391|121000310|내방역|15,,
|40||57|22168|121000092|서초동진흥아파트|63|22392|121000311|방배고개.방배초등학교|3,,
|40||57|22168|121000092|서초동진흥아파트|64|22393|119000285|이수역|6,,
|40||57|22168|121000092|서초동진흥아파트|61|22426|121001328|대법원앞|6,,
|40||58|22169|121000093|서초동유원아파트|81|20114|119000024|노량진역3번출구|2,,
|40||58|22169|121000093|서초동유원아파트|76|20161|119000068|상도역|5,,
|40||58|22169|121000093|서초동유원아파트|74|20166|119000073|숭실대입구역|2,,
|40||58|22169|121000093|서초동유원아파트|72|20172|119000079|숭실대별관앞|2,,
|40||58|22169|121000093|서초동유원아파트|69|20177|119000084|사당중학교|3,,
|40||58|22169|121000093|서초동유원아파트|68|20178|119000085|남성역|2,,
|40||58|22169|121000093|서초동유원아파트|67|20180|119000087|남성역골목시장|3,,
|40||58|22169|121000093|서초동유원아파트|66|20183|119000090|남성초등학교|1,,
|40||58|22169|121000093|서초동유원아파트|65|20185|119000092|이수역10번출구|4,,
|40||58|22169|121000093|서초동유원아파트|71|20213|119000320|사당롯데캐슬골든포레.사당해그린|3,,
|40||58|22169|121000093|서초동유원아파트|60|22134|121000058|교대역10번출구|4,,
|40||58|22169|121000093|서초동유원아파트|58|22169|121000093|서초동유원아파트|12,,
|40||58|22169|121000093|서초동유원아파트|59|22170|121000094|지하철2호선교대역4번출구|16,,
|40||58|22169|121000093|서초동유원아파트|62|22391|121000310|내방역|7,,
|40||58|22169|121000093|서초동유원아파트|63|22392|121000311|방배고개.방배초등학교|4,,
|40||58|22169|121000093|서초동유원아파트|64|22393|119000285|이수역|6,,
|40||58|22169|121000093|서초동유원아파트|61|22426|121001328|대법원앞|5,,
|40||59|22170|121000094|지하철2호선교대역4번출구|83|03001|102000001|한강대교북단.LG유플러스|1,,
|40||59|22170|121000094|지하철2호선교대역4번출구|78|20153|119000060|동작구청.동작보건소건강관리청|3,,
|40||59|22170|121000094|지하철2호선교대역4번출구|77|20155|119000062|상도노빌리티아파트|1,,
|40||59|22170|121000094|지하철2호선교대역4번출구|76|20161|119000068|상도역|1,,
|40||59|22170|121000094|지하철2호선교대역4번출구|75|20163|119000070|상도동중앙하이츠빌.상도전통시장|1,,
|40||59|22170|121000094|지하철2호선교대역4번출구|74|20166|119000073|숭실대입구역|2,,
|40||59|22170|121000094|지하철2호선교대역4번출구|72|20172|119000079|숭실대별관앞|2,,
|40||59|22170|121000094|지하철2호선교대역4번출구|69|20177|119000084|사당중학교|2,,
|40||59|22170|121000094|지하철2호선교대역4번출구|67|20180|119000087|남성역골목시장|7,,
|40||59|22170|121000094|지하철2호선교대역4번출구|66|20183|119000090|남성초등학교|3,,
|40||59|22170|121000094|지하철2호선교대역4번출구|65|20185|119000092|이수역10번출구|6,,
|40||59|22170|121000094|지하철2호선교대역4번출구|80|20191|119000098|노량진초등학교앞|1,,
|40||59|22170|121000094|지하철2호선교대역4번출구|60|22134|121000058|교대역10번출구|1,,
|40||59|22170|121000094|지하철2호선교대역4번출구|62|22391|121000310|내방역|17,,
|40||59|22170|121000094|지하철2호선교대역4번출구|63|22392|121000311|방배고개.방배초등학교|9,,
|40||59|22170|121000094|지하철2호선교대역4번출구|64|22393|119000285|이수역|12,,
|40||59|22170|121000094|지하철2호선교대역4번출구|61|22426|121001328|대법원앞|1,,
|40||60|22134|121000058|교대역10번출구|78|20153|119000060|동작구청.동작보건소건강관리청|1,,
|40||60|22134|121000058|교대역10번출구|77|20155|119000062|상도노빌리티아파트|1,,
|40||60|22134|121000058|교대역10번출구|76|20161|119000068|상도역|2,,
|40||60|22134|121000058|교대역10번출구|75|20163|119000070|상도동중앙하이츠빌.상도전통시장|2,,
|40||60|22134|121000058|교대역10번출구|74|20166|119000073|숭실대입구역|6,,
|40||60|22134|121000058|교대역10번출구|73|20170|119000077|숭실대중문앞|10,,
|40||60|22134|121000058|교대역10번출구|72|20172|119000079|숭실대별관앞|14,,
|40||60|22134|121000058|교대역10번출구|70|20174|119000081|총신대|5,,
|40||60|22134|121000058|교대역10번출구|69|20177|119000084|사당중학교|5,,
|40||60|22134|121000058|교대역10번출구|68|20178|119000085|남성역|3,,
|40||60|22134|121000058|교대역10번출구|67|20180|119000087|남성역골목시장|19,,
|40||60|22134|121000058|교대역10번출구|66|20183|119000090|남성초등학교|2,,
|40||60|22134|121000058|교대역10번출구|65|20185|119000092|이수역10번출구|19,,
|40||60|22134|121000058|교대역10번출구|79|20193|119000100|청화병원|2,,
|40||60|22134|121000058|교대역10번출구|71|20213|119000320|사당롯데캐슬골든포레.사당해그린|9,,
|40||60|22134|121000058|교대역10번출구|60|22134|121000058|교대역10번출구|2,,
|40||60|22134|121000058|교대역10번출구|62|22391|121000310|내방역|42,,
|40||60|22134|121000058|교대역10번출구|63|22392|121000311|방배고개.방배초등학교|20,,
|40||60|22134|121000058|교대역10번출구|64|22393|119000285|이수역|23,,
|40||60|22134|121000058|교대역10번출구|61|22426|121001328|대법원앞|6,,
|40||61|22426|121001328|대법원앞|85|03121||용산역3번출구.용산차고지|2,,
|40||61|22426|121001328|대법원앞|82|20013|119000013|노들역|1,,
|40||61|22426|121001328|대법원앞|81|20114|119000024|노량진역3번출구|2,,
|40||61|22426|121001328|대법원앞|78|20153|119000060|동작구청.동작보건소건강관리청|2,,
|40||61|22426|121001328|대법원앞|77|20155|119000062|상도노빌리티아파트|3,,
|40||61|22426|121001328|대법원앞|76|20161|119000068|상도역|2,,
|40||61|22426|121001328|대법원앞|75|20163|119000070|상도동중앙하이츠빌.상도전통시장|2,,
|40||61|22426|121001328|대법원앞|74|20166|119000073|숭실대입구역|11,,
|40||61|22426|121001328|대법원앞|73|20170|119000077|숭실대중문앞|8,,
|40||61|22426|121001328|대법원앞|72|20172|119000079|숭실대별관앞|16,,
|40||61|22426|121001328|대법원앞|70|20174|119000081|총신대|7,,
|40||61|22426|121001328|대법원앞|69|20177|119000084|사당중학교|4,,
|40||61|22426|121001328|대법원앞|68|20178|119000085|남성역|8,,
|40||61|22426|121001328|대법원앞|67|20180|119000087|남성역골목시장|18,,
|40||61|22426|121001328|대법원앞|66|20183|119000090|남성초등학교|9,,
|40||61|22426|121001328|대법원앞|65|20185|119000092|이수역10번출구|13,,
|40||61|22426|121001328|대법원앞|80|20191|119000098|노량진초등학교앞|1,,
|40||61|22426|121001328|대법원앞|79|20193|119000100|청화병원|1,,
|40||61|22426|121001328|대법원앞|71|20213|119000320|사당롯데캐슬골든포레.사당해그린|11,,
|40||61|22426|121001328|대법원앞|62|22391|121000310|내방역|78,,
|40||61|22426|121001328|대법원앞|63|22392|121000311|방배고개.방배초등학교|23,,
|40||61|22426|121001328|대법원앞|64|22393|119000285|이수역|24,,
|40||61|22426|121001328|대법원앞|61|22426|121001328|대법원앞|11,,
|40||62|22391|121000310|내방역|83|03001|102000001|한강대교북단.LG유플러스|1,,
|40||62|22391|121000310|내방역|81|20114|119000024|노량진역3번출구|2,,
|40||62|22391|121000310|내방역|78|20153|119000060|동작구청.동작보건소건강관리청|1,,
|40||62|22391|121000310|내방역|75|20163|119000070|상도동중앙하이츠빌.상도전통시장|1,,
|40||62|22391|121000310|내방역|74|20166|119000073|숭실대입구역|3,,
|40||62|22391|121000310|내방역|73|20170|119000077|숭실대중문앞|6,,
|40||62|22391|121000310|내방역|72|20172|119000079|숭실대별관앞|11,,
|40||62|22391|121000310|내방역|70|20174|119000081|총신대|3,,
|40||62|22391|121000310|내방역|69|20177|119000084|사당중학교|2,,
|40||62|22391|121000310|내방역|68|20178|119000085|남성역|2,,
|40||62|22391|121000310|내방역|67|20180|119000087|남성역골목시장|10,,
|40||62|22391|121000310|내방역|66|20183|119000090|남성초등학교|4,,
|40||62|22391|121000310|내방역|65|20185|119000092|이수역10번출구|11,,
|40||62|22391|121000310|내방역|80|20191|119000098|노량진초등학교앞|1,,
|40||62|22391|121000310|내방역|79|20193|119000100|청화병원|1,,
|40||62|22391|121000310|내방역|71|20213|119000320|사당롯데캐슬골든포레.사당해그린|2,,
|40||62|22391|121000310|내방역|62|22391|121000310|내방역|4,,
|40||62|22391|121000310|내방역|63|22392|121000311|방배고개.방배초등학교|11,,
|40||62|22391|121000310|내방역|64|22393|119000285|이수역|6,,
|40||63|22392|121000311|방배고개.방배초등학교|84|03003|102000003|신용산역|1,,
|40||63|22392|121000311|방배고개.방배초등학교|81|20114|119000024|노량진역3번출구|1,,
|40||63|22392|121000311|방배고개.방배초등학교|77|20155|119000062|상도노빌리티아파트|1,,
|40||63|22392|121000311|방배고개.방배초등학교|74|20166|119000073|숭실대입구역|2,,
|40||63|22392|121000311|방배고개.방배초등학교|73|20170|119000077|숭실대중문앞|1,,
|40||63|22392|121000311|방배고개.방배초등학교|67|20180|119000087|남성역골목시장|2,,
|40||63|22392|121000311|방배고개.방배초등학교|66|20183|119000090|남성초등학교|2,,
|40||63|22392|121000311|방배고개.방배초등학교|65|20185|119000092|이수역10번출구|4,,
|40||63|22392|121000311|방배고개.방배초등학교|79|20193|119000100|청화병원|1,,
|40||63|22392|121000311|방배고개.방배초등학교|71|20213|119000320|사당롯데캐슬골든포레.사당해그린|1,,
|40||63|22392|121000311|방배고개.방배초등학교|64|22393|119000285|이수역|9,,
|40||64|22393|119000285|이수역|82|20013|119000013|노들역|1,,
|40||64|22393|119000285|이수역|77|20155|119000062|상도노빌리티아파트|1,,
|40||64|22393|119000285|이수역|76|20161|119000068|상도역|1,,
|40||64|22393|119000285|이수역|75|20163|119000070|상도동중앙하이츠빌.상도전통시장|1,,
|40||64|22393|119000285|이수역|74|20166|119000073|숭실대입구역|5,,
|40||64|22393|119000285|이수역|73|20170|119000077|숭실대중문앞|4,,
|40||64|22393|119000285|이수역|72|20172|119000079|숭실대별관앞|6,,
|40||64|22393|119000285|이수역|70|20174|119000081|총신대|3,,
|40||64|22393|119000285|이수역|69|20177|119000084|사당중학교|2,,
|40||64|22393|119000285|이수역|68|20178|119000085|남성역|2,,
|40||64|22393|119000285|이수역|67|20180|119000087|남성역골목시장|9,,
|40||64|22393|119000285|이수역|66|20183|119000090|남성초등학교|4,,
|40||64|22393|119000285|이수역|65|20185|119000092|이수역10번출구|3,,
|40||64|22393|119000285|이수역|79|20193|119000100|청화병원|1,,
|40||64|22393|119000285|이수역|71|20213|119000320|사당롯데캐슬골든포레.사당해그린|1,,
|40||65|20185|119000092|이수역10번출구|84|03003|102000003|신용산역|2,,
|40||65|20185|119000092|이수역10번출구|82|20013|119000013|노들역|1,,
|40||65|20185|119000092|이수역10번출구|81|20114|119000024|노량진역3번출구|1,,
|40||65|20185|119000092|이수역10번출구|78|20153|119000060|동작구청.동작보건소건강관리청|3,,
|40||65|20185|119000092|이수역10번출구|77|20155|119000062|상도노빌리티아파트|3,,
|40||65|20185|119000092|이수역10번출구|76|20161|119000068|상도역|2,,
|40||65|20185|119000092|이수역10번출구|75|20163|119000070|상도동중앙하이츠빌.상도전통시장|4,,
|40||65|20185|119000092|이수역10번출구|74|20166|119000073|숭실대입구역|17,,
|40||65|20185|119000092|이수역10번출구|73|20170|119000077|숭실대중문앞|8,,
|40||65|20185|119000092|이수역10번출구|72|20172|119000079|숭실대별관앞|48,,
|40||65|20185|119000092|이수역10번출구|70|20174|119000081|총신대|31,,
|40||65|20185|119000092|이수역10번출구|69|20177|119000084|사당중학교|14,,
|40||65|20185|119000092|이수역10번출구|68|20178|119000085|남성역|12,,
|40||65|20185|119000092|이수역10번출구|67|20180|119000087|남성역골목시장|12,,
|40||65|20185|119000092|이수역10번출구|66|20183|119000090|남성초등학교|3,,
|40||65|20185|119000092|이수역10번출구|65|20185|119000092|이수역10번출구|1,,
|40||65|20185|119000092|이수역10번출구|80|20191|119000098|노량진초등학교앞|1,,
|40||65|20185|119000092|이수역10번출구|79|20193|119000100|청화병원|3,,
|40||65|20185|119000092|이수역10번출구|71|20213|119000320|사당롯데캐슬골든포레.사당해그린|19,,
|40||66|20183|119000090|남성초등학교|81|20114|119000024|노량진역3번출구|2,,
|40||66|20183|119000090|남성초등학교|77|20155|119000062|상도노빌리티아파트|2,,
|40||66|20183|119000090|남성초등학교|76|20161|119000068|상도역|2,,
|40||66|20183|119000090|남성초등학교|75|20163|119000070|상도동중앙하이츠빌.상도전통시장|2,,
|40||66|20183|119000090|남성초등학교|74|20166|119000073|숭실대입구역|5,,
|40||66|20183|119000090|남성초등학교|73|20170|119000077|숭실대중문앞|3,,
|40||66|20183|119000090|남성초등학교|72|20172|119000079|숭실대별관앞|10,,
|40||66|20183|119000090|남성초등학교|70|20174|119000081|총신대|3,,
|40||66|20183|119000090|남성초등학교|69|20177|119000084|사당중학교|4,,
|40||66|20183|119000090|남성초등학교|68|20178|119000085|남성역|3,,
|40||66|20183|119000090|남성초등학교|67|20180|119000087|남성역골목시장|2,,
|40||66|20183|119000090|남성초등학교|66|20183|119000090|남성초등학교|1,,
|40||66|20183|119000090|남성초등학교|79|20193|119000100|청화병원|1,,
|40||66|20183|119000090|남성초등학교|71|20213|119000320|사당롯데캐슬골든포레.사당해그린|4,,
|40||67|20180|119000087|남성역골목시장|83|03001|102000001|한강대교북단.LG유플러스|1,,
|40||67|20180|119000087|남성역골목시장|81|20114|119000024|노량진역3번출구|2,,
|40||67|20180|119000087|남성역골목시장|78|20153|119000060|동작구청.동작보건소건강관리청|6,,
|40||67|20180|119000087|남성역골목시장|77|20155|119000062|상도노빌리티아파트|3,,
|40||67|20180|119000087|남성역골목시장|76|20161|119000068|상도역|2,,
|40||67|20180|119000087|남성역골목시장|75|20163|119000070|상도동중앙하이츠빌.상도전통시장|3,,
|40||67|20180|119000087|남성역골목시장|74|20166|119000073|숭실대입구역|16,,
|40||67|20180|119000087|남성역골목시장|73|20170|119000077|숭실대중문앞|12,,
|40||67|20180|119000087|남성역골목시장|72|20172|119000079|숭실대별관앞|12,,
|40||67|20180|119000087|남성역골목시장|70|20174|119000081|총신대|21,,
|40||67|20180|119000087|남성역골목시장|69|20177|119000084|사당중학교|3,,
|40||67|20180|119000087|남성역골목시장|68|20178|119000085|남성역|6,,
|40||67|20180|119000087|남성역골목시장|80|20191|119000098|노량진초등학교앞|2,,
|40||67|20180|119000087|남성역골목시장|79|20193|119000100|청화병원|3,,
|40||67|20180|119000087|남성역골목시장|71|20213|119000320|사당롯데캐슬골든포레.사당해그린|10,,
|40||68|20178|119000085|남성역|82|20013|119000013|노들역|1,,
|40||68|20178|119000085|남성역|81|20114|119000024|노량진역3번출구|5,,
|40||68|20178|119000085|남성역|78|20153|119000060|동작구청.동작보건소건강관리청|1,,
|40||68|20178|119000085|남성역|77|20155|119000062|상도노빌리티아파트|1,,
|40||68|20178|119000085|남성역|75|20163|119000070|상도동중앙하이츠빌.상도전통시장|3,,
|40||68|20178|119000085|남성역|74|20166|119000073|숭실대입구역|11,,
|40||68|20178|119000085|남성역|73|20170|119000077|숭실대중문앞|6,,
|40||68|20178|119000085|남성역|72|20172|119000079|숭실대별관앞|60,,
|40||68|20178|119000085|남성역|70|20174|119000081|총신대|75,,
|40||68|20178|119000085|남성역|69|20177|119000084|사당중학교|54,,
|40||68|20178|119000085|남성역|68|20178|119000085|남성역|10,,
|40||68|20178|119000085|남성역|79|20193|119000100|청화병원|4,,
|40||68|20178|119000085|남성역|71|20213|119000320|사당롯데캐슬골든포레.사당해그린|39,,
|40||69|20177|119000084|사당중학교|83|03001|102000001|한강대교북단.LG유플러스|2,,
|40||69|20177|119000084|사당중학교|81|20114|119000024|노량진역3번출구|16,,
|40||69|20177|119000084|사당중학교|78|20153|119000060|동작구청.동작보건소건강관리청|7,,
|40||69|20177|119000084|사당중학교|77|20155|119000062|상도노빌리티아파트|4,,
|40||69|20177|119000084|사당중학교|76|20161|119000068|상도역|1,,
|40||69|20177|119000084|사당중학교|75|20163|119000070|상도동중앙하이츠빌.상도전통시장|4,,
|40||69|20177|119000084|사당중학교|74|20166|119000073|숭실대입구역|8,,
|40||69|20177|119000084|사당중학교|73|20170|119000077|숭실대중문앞|2,,
|40||69|20177|119000084|사당중학교|72|20172|119000079|숭실대별관앞|5,,
|40||69|20177|119000084|사당중학교|70|20174|119000081|총신대|2,,
|40||69|20177|119000084|사당중학교|80|20191|119000098|노량진초등학교앞|1,,
|40||69|20177|119000084|사당중학교|79|20193|119000100|청화병원|1,,
|40||69|20177|119000084|사당중학교|71|20213|119000320|사당롯데캐슬골든포레.사당해그린|1,,
|40||70|20174|119000081|총신대|83|03001|102000001|한강대교북단.LG유플러스|1,,
|40||70|20174|119000081|총신대|81|20114|119000024|노량진역3번출구|33,,
|40||70|20174|119000081|총신대|78|20153|119000060|동작구청.동작보건소건강관리청|5,,
|40||70|20174|119000081|총신대|77|20155|119000062|상도노빌리티아파트|3,,
|40||70|20174|119000081|총신대|76|20161|119000068|상도역|2,,
|40||70|20174|119000081|총신대|75|20163|119000070|상도동중앙하이츠빌.상도전통시장|1,,
|40||70|20174|119000081|총신대|74|20166|119000073|숭실대입구역|6,,
|40||70|20174|119000081|총신대|73|20170|119000077|숭실대중문앞|2,,
|40||70|20174|119000081|총신대|72|20172|119000079|숭실대별관앞|6,,
|40||70|20174|119000081|총신대|80|20191|119000098|노량진초등학교앞|2,,
|40||70|20174|119000081|총신대|79|20193|119000100|청화병원|2,,
|40||70|20174|119000081|총신대|71|20213|119000320|사당롯데캐슬골든포레.사당해그린|1,,
|40||71|20213|119000320|사당롯데캐슬골든포레.사당해그린|84|03003|102000003|신용산역|3,,
|40||71|20213|119000320|사당롯데캐슬골든포레.사당해그린|81|20114|119000024|노량진역3번출구|14,,
|40||71|20213|119000320|사당롯데캐슬골든포레.사당해그린|78|20153|119000060|동작구청.동작보건소건강관리청|1,,
|40||71|20213|119000320|사당롯데캐슬골든포레.사당해그린|77|20155|119000062|상도노빌리티아파트|2,,
|40||71|20213|119000320|사당롯데캐슬골든포레.사당해그린|76|20161|119000068|상도역|2,,
|40||71|20213|119000320|사당롯데캐슬골든포레.사당해그린|75|20163|119000070|상도동중앙하이츠빌.상도전통시장|2,,
|40||71|20213|119000320|사당롯데캐슬골든포레.사당해그린|74|20166|119000073|숭실대입구역|13,,
|40||71|20213|119000320|사당롯데캐슬골든포레.사당해그린|73|20170|119000077|숭실대중문앞|2,,
|40||71|20213|119000320|사당롯데캐슬골든포레.사당해그린|72|20172|119000079|숭실대별관앞|3,,
|40||71|20213|119000320|사당롯데캐슬골든포레.사당해그린|79|20193|119000100|청화병원|1,,
|40||72|20172|119000079|숭실대별관앞|83|03001|102000001|한강대교북단.LG유플러스|1,,
|40||72|20172|119000079|숭실대별관앞|84|03003|102000003|신용산역|1,,
|40||72|20172|119000079|숭실대별관앞|81|20114|119000024|노량진역3번출구|26,,
|40||72|20172|119000079|숭실대별관앞|78|20153|119000060|동작구청.동작보건소건강관리청|3,,
|40||72|20172|119000079|숭실대별관앞|77|20155|119000062|상도노빌리티아파트|19,,
|40||72|20172|119000079|숭실대별관앞|76|20161|119000068|상도역|2,,
|40||72|20172|119000079|숭실대별관앞|75|20163|119000070|상도동중앙하이츠빌.상도전통시장|9,,
|40||72|20172|119000079|숭실대별관앞|74|20166|119000073|숭실대입구역|17,,
|40||72|20172|119000079|숭실대별관앞|73|20170|119000077|숭실대중문앞|10,,
|40||72|20172|119000079|숭실대별관앞|72|20172|119000079|숭실대별관앞|2,,
|40||72|20172|119000079|숭실대별관앞|80|20191|119000098|노량진초등학교앞|5,,
|40||72|20172|119000079|숭실대별관앞|79|20193|119000100|청화병원|5,,
|40||73|20170|119000077|숭실대중문앞|85|03121||용산역3번출구.용산차고지|1,,
|40||73|20170|119000077|숭실대중문앞|82|20013|119000013|노들역|5,,
|40||73|20170|119000077|숭실대중문앞|81|20114|119000024|노량진역3번출구|32,,
|40||73|20170|119000077|숭실대중문앞|78|20153|119000060|동작구청.동작보건소건강관리청|4,,
|40||73|20170|119000077|숭실대중문앞|77|20155|119000062|상도노빌리티아파트|13,,
|40||73|20170|119000077|숭실대중문앞|76|20161|119000068|상도역|10,,
|40||73|20170|119000077|숭실대중문앞|75|20163|119000070|상도동중앙하이츠빌.상도전통시장|6,,
|40||73|20170|119000077|숭실대중문앞|74|20166|119000073|숭실대입구역|9,,
|40||73|20170|119000077|숭실대중문앞|73|20170|119000077|숭실대중문앞|1,,
|40||73|20170|119000077|숭실대중문앞|80|20191|119000098|노량진초등학교앞|10,,
|40||73|20170|119000077|숭실대중문앞|79|20193|119000100|청화병원|5,,
|40||74|20166|119000073|숭실대입구역|83|03001|102000001|한강대교북단.LG유플러스|3,,
|40||74|20166|119000073|숭실대입구역|84|03003|102000003|신용산역|2,,
|40||74|20166|119000073|숭실대입구역|85|03121||용산역3번출구.용산차고지|2,,
|40||74|20166|119000073|숭실대입구역|82|20013|119000013|노들역|2,,
|40||74|20166|119000073|숭실대입구역|81|20114|119000024|노량진역3번출구|60,,
|40||74|20166|119000073|숭실대입구역|78|20153|119000060|동작구청.동작보건소건강관리청|10,,
|40||74|20166|119000073|숭실대입구역|77|20155|119000062|상도노빌리티아파트|16,,
|40||74|20166|119000073|숭실대입구역|76|20161|119000068|상도역|12,,
|40||74|20166|119000073|숭실대입구역|75|20163|119000070|상도동중앙하이츠빌.상도전통시장|10,,
|40||74|20166|119000073|숭실대입구역|74|20166|119000073|숭실대입구역|8,,
|40||74|20166|119000073|숭실대입구역|80|20191|119000098|노량진초등학교앞|12,,
|40||74|20166|119000073|숭실대입구역|79|20193|119000100|청화병원|9,,
|40||75|20163|119000070|상도동중앙하이츠빌.상도전통시장|83|03001|102000001|한강대교북단.LG유플러스|2,,
|40||75|20163|119000070|상도동중앙하이츠빌.상도전통시장|84|03003|102000003|신용산역|1,,
|40||75|20163|119000070|상도동중앙하이츠빌.상도전통시장|81|20114|119000024|노량진역3번출구|18,,
|40||75|20163|119000070|상도동중앙하이츠빌.상도전통시장|78|20153|119000060|동작구청.동작보건소건강관리청|5,,
|40||75|20163|119000070|상도동중앙하이츠빌.상도전통시장|77|20155|119000062|상도노빌리티아파트|9,,
|40||75|20163|119000070|상도동중앙하이츠빌.상도전통시장|75|20163|119000070|상도동중앙하이츠빌.상도전통시장|1,,
|40||75|20163|119000070|상도동중앙하이츠빌.상도전통시장|80|20191|119000098|노량진초등학교앞|2,,
|40||75|20163|119000070|상도동중앙하이츠빌.상도전통시장|79|20193|119000100|청화병원|3,,
|40||76|20161|119000068|상도역|83|03001|102000001|한강대교북단.LG유플러스|2,,
|40||76|20161|119000068|상도역|81|20114|119000024|노량진역3번출구|18,,
|40||76|20161|119000068|상도역|77|20155|119000062|상도노빌리티아파트|1,,
|40||76|20161|119000068|상도역|76|20161|119000068|상도역|1,,
|40||76|20161|119000068|상도역|80|20191|119000098|노량진초등학교앞|3,,
|40||76|20161|119000068|상도역|79|20193|119000100|청화병원|2,,
|40||77|20155|119000062|상도노빌리티아파트|83|03001|102000001|한강대교북단.LG유플러스|2,,
|40||77|20155|119000062|상도노빌리티아파트|84|03003|102000003|신용산역|3,,
|40||77|20155|119000062|상도노빌리티아파트|85|03121||용산역3번출구.용산차고지|6,,
|40||77|20155|119000062|상도노빌리티아파트|82|20013|119000013|노들역|1,,
|40||77|20155|119000062|상도노빌리티아파트|81|20114|119000024|노량진역3번출구|10,,
|40||77|20155|119000062|상도노빌리티아파트|78|20153|119000060|동작구청.동작보건소건강관리청|6,,
|40||77|20155|119000062|상도노빌리티아파트|77|20155|119000062|상도노빌리티아파트|6,,
|40||77|20155|119000062|상도노빌리티아파트|80|20191|119000098|노량진초등학교앞|1,,
|40||77|20155|119000062|상도노빌리티아파트|79|20193|119000100|청화병원|4,,
|40||78|20153|119000060|동작구청.동작보건소건강관리청|83|03001|102000001|한강대교북단.LG유플러스|4,,
|40||78|20153|119000060|동작구청.동작보건소건강관리청|84|03003|102000003|신용산역|5,,
|40||78|20153|119000060|동작구청.동작보건소건강관리청|82|20013|119000013|노들역|3,,
|40||78|20153|119000060|동작구청.동작보건소건강관리청|81|20114|119000024|노량진역3번출구|54,,
|40||78|20153|119000060|동작구청.동작보건소건강관리청|80|20191|119000098|노량진초등학교앞|8,,
|40||78|20153|119000060|동작구청.동작보건소건강관리청|79|20193|119000100|청화병원|3,,
|40||79|20193|119000100|청화병원|83|03001|102000001|한강대교북단.LG유플러스|6,,
|40||79|20193|119000100|청화병원|84|03003|102000003|신용산역|3,,
|40||79|20193|119000100|청화병원|85|03121||용산역3번출구.용산차고지|1,,
|40||79|20193|119000100|청화병원|82|20013|119000013|노들역|4,,
|40||79|20193|119000100|청화병원|81|20114|119000024|노량진역3번출구|33,,
|40||79|20193|119000100|청화병원|80|20191|119000098|노량진초등학교앞|6,,
|40||79|20193|119000100|청화병원|79|20193|119000100|청화병원|1,,
|40||80|20191|119000098|노량진초등학교앞|83|03001|102000001|한강대교북단.LG유플러스|2,,
|40||80|20191|119000098|노량진초등학교앞|84|03003|102000003|신용산역|1,,
|40||80|20191|119000098|노량진초등학교앞|85|03121||용산역3번출구.용산차고지|1,,
|40||80|20191|119000098|노량진초등학교앞|82|20013|119000013|노들역|1,,
|40||80|20191|119000098|노량진초등학교앞|81|20114|119000024|노량진역3번출구|8,,
|40||80|20191|119000098|노량진초등학교앞|80|20191|119000098|노량진초등학교앞|3,,
|40||81|20114|119000024|노량진역3번출구|83|03001|102000001|한강대교북단.LG유플러스|24,,
|40||81|20114|119000024|노량진역3번출구|84|03003|102000003|신용산역|5,,
|40||81|20114|119000024|노량진역3번출구|85|03121||용산역3번출구.용산차고지|1,,
|40||81|20114|119000024|노량진역3번출구|82|20013|119000013|노들역|5,,
|40||82|20013|119000013|노들역|83|03001|102000001|한강대교북단.LG유플러스|5,,
|40||82|20013|119000013|노들역|84|03003|102000003|신용산역|5,,
|40||82|20013|119000013|노들역|85|03121||용산역3번출구.용산차고지|2,,
|40||82|20013|119000013|노들역|82|20013|119000013|노들역|1,,
|40||83|03001|102000001|한강대교북단.LG유플러스|83|03001|102000001|한강대교북단.LG유플러스|1,,
|40||83|03001|102000001|한강대교북단.LG유플러스|85|03121||용산역3번출구.용산차고지|3,,
|40||84|03003|102000003|신용산역|85|03121||용산역3번출구.용산차고지|8,,
|411||1|03120||서울드래곤시티|1|03120||서울드래곤시티|2,,
|411||1|03120||서울드래곤시티|2|03137|102000043|용산전자상가.전자랜드|3,,
|411||1|03120||서울드래곤시티|4|03145|102000051|원효로2가사거리|3,,
|411||1|03120||서울드래곤시티|3|03147|102000053|원효로3가|4,,
|411||1|03120||서울드래곤시티|7|03179|102000085|효창공원앞역.이봉창역사울림관|6,,
|411||1|03120||서울드래곤시티|6|03181|102000087|용산꿈나무종합타운.보건분소|3,,
|411||1|03120||서울드래곤시티|10|03235|102000141|숙명여대후문.이봉창활동터|8,,
|411||1|03120||서울드래곤시티|11|03236|102000142|효창공원후문|3,,
|411||1|03120||서울드래곤시티|12|03237|102000143|한겨레신문사입구|9,,
|411||1|03120||서울드래곤시티|13|03238|102000144|대한노인회중앙회|2,,
|411||1|03120||서울드래곤시티|8|03240|102000146|효창동주민센터.금양초등학교|3,,
|411||1|03120||서울드래곤시티|9|03344||효창공원삼거리.윤봉길의사등묘역|8,,
|411||1|03120||서울드래곤시티|35|22020|121000020|고속터미널|1,,
|411||2|03137|102000043|용산전자상가.전자랜드|2|03137|102000043|용산전자상가.전자랜드|1,,
|411||2|03137|102000043|용산전자상가.전자랜드|5|03143|102000049|남정초등학교|1,,
|411||2|03137|102000043|용산전자상가.전자랜드|7|03179|102000085|효창공원앞역.이봉창역사울림관|6,,
|411||2|03137|102000043|용산전자상가.전자랜드|6|03181|102000087|용산꿈나무종합타운.보건분소|9,,
|411||2|03137|102000043|용산전자상가.전자랜드|10|03235|102000141|숙명여대후문.이봉창활동터|1,,
|411||2|03137|102000043|용산전자상가.전자랜드|11|03236|102000142|효창공원후문|1,,
|411||2|03137|102000043|용산전자상가.전자랜드|12|03237|102000143|한겨레신문사입구|2,,
|411||2|03137|102000043|용산전자상가.전자랜드|8|03240|102000146|효창동주민센터.금양초등학교|1,,
|411||2|03137|102000043|용산전자상가.전자랜드|24|03295|102000201|이촌2동강변아파트|2,,
|411||2|03137|102000043|용산전자상가.전자랜드|9|03344||효창공원삼거리.윤봉길의사등묘역|4,,
|411||3|03147|102000053|원효로3가|5|03143|102000049|남정초등학교|3,,
|411||3|03147|102000053|원효로3가|81|03143|102000049|남정초등학교|1,,
|411||3|03147|102000053|원효로3가|4|03145|102000051|원효로2가사거리|2,,
|411||3|03147|102000053|원효로3가|3|03147|102000053|원효로3가|1,,
|411||3|03147|102000053|원효로3가|7|03179|102000085|효창공원앞역.이봉창역사울림관|18,,
|411||3|03147|102000053|원효로3가|83|03179|102000085|효창공원앞역.이봉창역사울림관|6,,
|411||3|03147|102000053|원효로3가|6|03181|102000087|용산꿈나무종합타운.보건분소|18,,
|411||3|03147|102000053|원효로3가|82|03181|102000087|용산꿈나무종합타운.보건분소|3,,
|411||3|03147|102000053|원효로3가|10|03235|102000141|숙명여대후문.이봉창활동터|9,,
|411||3|03147|102000053|원효로3가|11|03236|102000142|효창공원후문|1,,
|411||3|03147|102000053|원효로3가|12|03237|102000143|한겨레신문사입구|1,,
|411||3|03147|102000053|원효로3가|13|03238|102000144|대한노인회중앙회|1,,
|411||3|03147|102000053|원효로3가|8|03240|102000146|효창동주민센터.금양초등학교|8,,
|411||3|03147|102000053|원효로3가|9|03344||효창공원삼거리.윤봉길의사등묘역|14,,
|411||3|03147|102000053|원효로3가|85|03344||효창공원삼거리.윤봉길의사등묘역|2,,
|411||4|03145|102000051|원효로2가사거리|5|03143|102000049|남정초등학교|2,,
|411||4|03145|102000051|원효로2가사거리|82|03181|102000087|용산꿈나무종합타운.보건분소|2,,
|411||4|03145|102000051|원효로2가사거리|10|03235|102000141|숙명여대후문.이봉창활동터|1,,
|411||4|03145|102000051|원효로2가사거리|11|03236|102000142|효창공원후문|2,,
|411||4|03145|102000051|원효로2가사거리|12|03237|102000143|한겨레신문사입구|2,,
|411||4|03145|102000051|원효로2가사거리|8|03240|102000146|효창동주민센터.금양초등학교|2,,
|411||4|03145|102000051|원효로2가사거리|9|03344||효창공원삼거리.윤봉길의사등묘역|1,,
|411||5|03143|102000049|남정초등학교|7|03179|102000085|효창공원앞역.이봉창역사울림관|3,,
|411||5|03143|102000049|남정초등학교|83|03179|102000085|효창공원앞역.이봉창역사울림관|1,,
|411||5|03143|102000049|남정초등학교|6|03181|102000087|용산꿈나무종합타운.보건분소|2,,
|411||5|03143|102000049|남정초등학교|82|03181|102000087|용산꿈나무종합타운.보건분소|2,,
|411||5|03143|102000049|남정초등학교|10|03235|102000141|숙명여대후문.이봉창활동터|9,,
|411||5|03143|102000049|남정초등학교|11|03236|102000142|효창공원후문|4,,
|411||5|03143|102000049|남정초등학교|12|03237|102000143|한겨레신문사입구|7,,
|411||5|03143|102000049|남정초등학교|13|03238|102000144|대한노인회중앙회|1,,
|411||5|03143|102000049|남정초등학교|8|03240|102000146|효창동주민센터.금양초등학교|9,,
|411||5|03143|102000049|남정초등학교|9|03344||효창공원삼거리.윤봉길의사등묘역|9,,
|411||5|03143|102000049|남정초등학교|85|03344||효창공원삼거리.윤봉길의사등묘역|2,,
|411||5|03143|102000049|남정초등학교|35|22020|121000020|고속터미널|4,,
|411||6|03181|102000087|용산꿈나무종합타운.보건분소|7|03179|102000085|효창공원앞역.이봉창역사울림관|6,,
|411||6|03181|102000087|용산꿈나무종합타운.보건분소|83|03179|102000085|효창공원앞역.이봉창역사울림관|6,,
|411||6|03181|102000087|용산꿈나무종합타운.보건분소|6|03181|102000087|용산꿈나무종합타운.보건분소|1,,
|411||6|03181|102000087|용산꿈나무종합타운.보건분소|82|03181|102000087|용산꿈나무종합타운.보건분소|1,,
|411||6|03181|102000087|용산꿈나무종합타운.보건분소|10|03235|102000141|숙명여대후문.이봉창활동터|35,,
|411||6|03181|102000087|용산꿈나무종합타운.보건분소|86|03235|102000141|숙명여대후문.이봉창활동터|2,,
|411||6|03181|102000087|용산꿈나무종합타운.보건분소|11|03236|102000142|효창공원후문|10,,
|411||6|03181|102000087|용산꿈나무종합타운.보건분소|87|03236|102000142|효창공원후문|1,,
|411||6|03181|102000087|용산꿈나무종합타운.보건분소|12|03237|102000143|한겨레신문사입구|5,,
|411||6|03181|102000087|용산꿈나무종합타운.보건분소|13|03238|102000144|대한노인회중앙회|6,,
|411||6|03181|102000087|용산꿈나무종합타운.보건분소|8|03240|102000146|효창동주민센터.금양초등학교|4,,
|411||6|03181|102000087|용산꿈나무종합타운.보건분소|84|03240|102000146|효창동주민센터.금양초등학교|1,,
|411||6|03181|102000087|용산꿈나무종합타운.보건분소|9|03344||효창공원삼거리.윤봉길의사등묘역|44,,
|411||6|03181|102000087|용산꿈나무종합타운.보건분소|85|03344||효창공원삼거리.윤봉길의사등묘역|1,,
|411||6|03181|102000087|용산꿈나무종합타운.보건분소|35|22020|121000020|고속터미널|4,,
|411||7|03179|102000085|효창공원앞역.이봉창역사울림관|7|03179|102000085|효창공원앞역.이봉창역사울림관|4,,
|411||7|03179|102000085|효창공원앞역.이봉창역사울림관|83|03179|102000085|효창공원앞역.이봉창역사울림관|4,,
|411||7|03179|102000085|효창공원앞역.이봉창역사울림관|10|03235|102000141|숙명여대후문.이봉창활동터|212,,
|411||7|03179|102000085|효창공원앞역.이봉창역사울림관|86|03235|102000141|숙명여대후문.이봉창활동터|22,,
|411||7|03179|102000085|효창공원앞역.이봉창역사울림관|11|03236|102000142|효창공원후문|29,,
|411||7|03179|102000085|효창공원앞역.이봉창역사울림관|87|03236|102000142|효창공원후문|2,,
|411||7|03179|102000085|효창공원앞역.이봉창역사울림관|12|03237|102000143|한겨레신문사입구|37,,
|411||7|03179|102000085|효창공원앞역.이봉창역사울림관|88|03237|102000143|한겨레신문사입구|1,,
|411||7|03179|102000085|효창공원앞역.이봉창역사울림관|13|03238|102000144|대한노인회중앙회|23,,
|411||7|03179|102000085|효창공원앞역.이봉창역사울림관|14|03239|102000145|효창운동장.효창동주민센터|1,,
|411||7|03179|102000085|효창공원앞역.이봉창역사울림관|8|03240|102000146|효창동주민센터.금양초등학교|29,,
|411||7|03179|102000085|효창공원앞역.이봉창역사울림관|84|03240|102000146|효창동주민센터.금양초등학교|10,,
|411||7|03179|102000085|효창공원앞역.이봉창역사울림관|9|03344||효창공원삼거리.윤봉길의사등묘역|230,,
|411||7|03179|102000085|효창공원앞역.이봉창역사울림관|85|03344||효창공원삼거리.윤봉길의사등묘역|61,,
|411||7|03179|102000085|효창공원앞역.이봉창역사울림관|35|22020|121000020|고속터미널|16,,
|411||8|03240|102000146|효창동주민센터.금양초등학교|26|03216|102000122|이촌1동충신교회앞|1,,
|411||8|03240|102000146|효창동주민센터.금양초등학교|10|03235|102000141|숙명여대후문.이봉창활동터|10,,
|411||8|03240|102000146|효창동주민센터.금양초등학교|11|03236|102000142|효창공원후문|7,,
|411||8|03240|102000146|효창동주민센터.금양초등학교|87|03236|102000142|효창공원후문|1,,
|411||8|03240|102000146|효창동주민센터.금양초등학교|12|03237|102000143|한겨레신문사입구|8,,
|411||8|03240|102000146|효창동주민센터.금양초등학교|13|03238|102000144|대한노인회중앙회|7,,
|411||8|03240|102000146|효창동주민센터.금양초등학교|8|03240|102000146|효창동주민센터.금양초등학교|2,,
|411||8|03240|102000146|효창동주민센터.금양초등학교|24|03295|102000201|이촌2동강변아파트|1,,
|411||8|03240|102000146|효창동주민센터.금양초등학교|20|03303||원효풍전아파트|1,,
|411||8|03240|102000146|효창동주민센터.금양초등학교|9|03344||효창공원삼거리.윤봉길의사등묘역|12,,
|411||8|03240|102000146|효창동주민센터.금양초등학교|85|03344||효창공원삼거리.윤봉길의사등묘역|2,,
|411||8|03240|102000146|효창동주민센터.금양초등학교|44|22003|121000003|양재역.서초문화예술회관|1,,
|411||8|03240|102000146|효창동주민센터.금양초등학교|35|22020|121000020|고속터미널|1,,
|411||9|03344||효창공원삼거리.윤봉길의사등묘역|18|03144|102000050|원효로2가|1,,
|411||9|03344||효창공원삼거리.윤봉길의사등묘역|19|03146|102000052|원효로3가|6,,
|411||9|03344||효창공원삼거리.윤봉길의사등묘역|16|03180|102000086|효창공원앞역.이봉창역사울림관|52,,
|411||9|03344||효창공원삼거리.윤봉길의사등묘역|17|03182|102000088|용산꿈나무종합타운.보건분소|1,,
|411||9|03344||효창공원삼거리.윤봉길의사등묘역|26|03216|102000122|이촌1동충신교회앞|1,,
|411||9|03344||효창공원삼거리.윤봉길의사등묘역|30|03224|102000130|금강병원.반도아파트|1,,
|411||9|03344||효창공원삼거리.윤봉길의사등묘역|31|03226|102000132|서빙고신동아아파트|1,,
|411||9|03344||효창공원삼거리.윤봉길의사등묘역|10|03235|102000141|숙명여대후문.이봉창활동터|1,,
|411||9|03344||효창공원삼거리.윤봉길의사등묘역|86|03235|102000141|숙명여대후문.이봉창활동터|1,,
|411||9|03344||효창공원삼거리.윤봉길의사등묘역|12|03237|102000143|한겨레신문사입구|2,,
|411||9|03344||효창공원삼거리.윤봉길의사등묘역|13|03238|102000144|대한노인회중앙회|1,,
|411||9|03344||효창공원삼거리.윤봉길의사등묘역|14|03239|102000145|효창운동장.효창동주민센터|1,,
|411||9|03344||효창공원삼거리.윤봉길의사등묘역|15|03241|102000147|금양초등학교|5,,
|411||9|03344||효창공원삼거리.윤봉길의사등묘역|21|03289|102000195|성촌공원.포르쉐센터용산|2,,
|411||9|03344||효창공원삼거리.윤봉길의사등묘역|22|03291|102000197|이촌2동주민센터|1,,
|411||9|03344||효창공원삼거리.윤봉길의사등묘역|23|03293|102000199|이촌2동대림아파트.새남터성지|3,,
|411||9|03344||효창공원삼거리.윤봉길의사등묘역|24|03295|102000201|이촌2동강변아파트|3,,
|411||9|03344||효창공원삼거리.윤봉길의사등묘역|20|03303||원효풍전아파트|1,,
|411||9|03344||효창공원삼거리.윤봉길의사등묘역|35|22020|121000020|고속터미널|8,,
|411||9|03344||효창공원삼거리.윤봉길의사등묘역|34|22022|121000022|신반포역.세화여중고|2,,
|411||9|03344||효창공원삼거리.윤봉길의사등묘역|33|22024|121000024|구반포역.세화고등학교|2,,
|411||9|03344||효창공원삼거리.윤봉길의사등묘역|37|22133|121000057|법조단지|1,,
|411||10|03235|102000141|숙명여대후문.이봉창활동터|18|03144|102000050|원효로2가|2,,
|411||10|03235|102000141|숙명여대후문.이봉창활동터|19|03146|102000052|원효로3가|4,,
|411||10|03235|102000141|숙명여대후문.이봉창활동터|16|03180|102000086|효창공원앞역.이봉창역사울림관|110,,
|411||10|03235|102000141|숙명여대후문.이봉창활동터|17|03182|102000088|용산꿈나무종합타운.보건분소|2,,
|411||10|03235|102000141|숙명여대후문.이봉창활동터|27|03218|102000124|이촌동한강맨션.이촌역|1,,
|411||10|03235|102000141|숙명여대후문.이봉창활동터|28|03220|102000126|신용산초등학교.중경고등학교|1,,
|411||10|03235|102000141|숙명여대후문.이봉창활동터|29|03222|102000128|이촌동점보아파트|1,,
|411||10|03235|102000141|숙명여대후문.이봉창활동터|11|03236|102000142|효창공원후문|2,,
|411||10|03235|102000141|숙명여대후문.이봉창활동터|12|03237|102000143|한겨레신문사입구|1,,
|411||10|03235|102000141|숙명여대후문.이봉창활동터|13|03238|102000144|대한노인회중앙회|7,,
|411||10|03235|102000141|숙명여대후문.이봉창활동터|14|03239|102000145|효창운동장.효창동주민센터|4,,
|411||10|03235|102000141|숙명여대후문.이봉창활동터|15|03241|102000147|금양초등학교|15,,
|411||10|03235|102000141|숙명여대후문.이봉창활동터|21|03289|102000195|성촌공원.포르쉐센터용산|1,,
|411||10|03235|102000141|숙명여대후문.이봉창활동터|22|03291|102000197|이촌2동주민센터|4,,
|411||10|03235|102000141|숙명여대후문.이봉창활동터|23|03293|102000199|이촌2동대림아파트.새남터성지|1,,
|411||10|03235|102000141|숙명여대후문.이봉창활동터|24|03295|102000201|이촌2동강변아파트|1,,
|411||10|03235|102000141|숙명여대후문.이봉창활동터|20|03303||원효풍전아파트|2,,
|411||10|03235|102000141|숙명여대후문.이봉창활동터|35|22020|121000020|고속터미널|1,,
|411||10|03235|102000141|숙명여대후문.이봉창활동터|34|22022|121000022|신반포역.세화여중고|3,,
|411||10|03235|102000141|숙명여대후문.이봉창활동터|38|22103|121000027|교대역2번출구|1,,
|411||10|03235|102000141|숙명여대후문.이봉창활동터|40|22114|121000038|롯데칠성|1,,
|411||10|03235|102000141|숙명여대후문.이봉창활동터|36|22218|121000142|반포미도아파트앞|2,,
|411||11|03236|102000142|효창공원후문|18|03144|102000050|원효로2가|2,,
|411||11|03236|102000142|효창공원후문|19|03146|102000052|원효로3가|4,,
|411||11|03236|102000142|효창공원후문|16|03180|102000086|효창공원앞역.이봉창역사울림관|39,,
|411||11|03236|102000142|효창공원후문|17|03182|102000088|용산꿈나무종합타운.보건분소|2,,
|411||11|03236|102000142|효창공원후문|25|03214|102000120|이촌동동부센트레빌|1,,
|411||11|03236|102000142|효창공원후문|26|03216|102000122|이촌1동충신교회앞|1,,
|411||11|03236|102000142|효창공원후문|27|03218|102000124|이촌동한강맨션.이촌역|1,,
|411||11|03236|102000142|효창공원후문|12|03237|102000143|한겨레신문사입구|1,,
|411||11|03236|102000142|효창공원후문|13|03238|102000144|대한노인회중앙회|3,,
|411||11|03236|102000142|효창공원후문|89|03238|102000144|대한노인회중앙회|1,,
|411||11|03236|102000142|효창공원후문|14|03239|102000145|효창운동장.효창동주민센터|3,,
|411||11|03236|102000142|효창공원후문|15|03241|102000147|금양초등학교|7,,
|411||11|03236|102000142|효창공원후문|21|03289|102000195|성촌공원.포르쉐센터용산|2,,
|411||11|03236|102000142|효창공원후문|22|03291|102000197|이촌2동주민센터|4,,
|411||11|03236|102000142|효창공원후문|23|03293|102000199|이촌2동대림아파트.새남터성지|3,,
|411||11|03236|102000142|효창공원후문|24|03295|102000201|이촌2동강변아파트|7,,
|411||11|03236|102000142|효창공원후문|20|03303||원효풍전아파트|6,,
|411||11|03236|102000142|효창공원후문|41|22009|121000009|신분당선강남역|1,,
|411||11|03236|102000142|효창공원후문|35|22020|121000020|고속터미널|3,,
|411||11|03236|102000142|효창공원후문|34|22022|121000022|신반포역.세화여중고|2,,
|411||11|03236|102000142|효창공원후문|33|22024|121000024|구반포역.세화고등학교|2,,
|411||11|03236|102000142|효창공원후문|38|22103|121000027|교대역2번출구|1,,
|411||11|03236|102000142|효창공원후문|47|22298|121000222|AT센터.양재꽃시장|1,,
|411||11|03236|102000142|효창공원후문|32|22396|121000314|동작대교전망카페|1,,
|411||12|03237|102000143|한겨레신문사입구|19|03146|102000052|원효로3가|3,,
|411||12|03237|102000143|한겨레신문사입구|16|03180|102000086|효창공원앞역.이봉창역사울림관|18,,
|411||12|03237|102000143|한겨레신문사입구|93|03182|102000088|용산꿈나무종합타운.보건분소|1,,
|411||12|03237|102000143|한겨레신문사입구|28|03220|102000126|신용산초등학교.중경고등학교|1,,
|411||12|03237|102000143|한겨레신문사입구|14|03239|102000145|효창운동장.효창동주민센터|1,,
|411||12|03237|102000143|한겨레신문사입구|15|03241|102000147|금양초등학교|6,,
|411||12|03237|102000143|한겨레신문사입구|21|03289|102000195|성촌공원.포르쉐센터용산|1,,
|411||12|03237|102000143|한겨레신문사입구|22|03291|102000197|이촌2동주민센터|1,,
|411||12|03237|102000143|한겨레신문사입구|24|03295|102000201|이촌2동강변아파트|2,,
|411||12|03237|102000143|한겨레신문사입구|20|03303||원효풍전아파트|3,,
|411||12|03237|102000143|한겨레신문사입구|44|22003|121000003|양재역.서초문화예술회관|1,,
|411||12|03237|102000143|한겨레신문사입구|35|22020|121000020|고속터미널|3,,
|411||12|03237|102000143|한겨레신문사입구|33|22024|121000024|구반포역.세화고등학교|1,,
|411||13|03238|102000144|대한노인회중앙회|18|03144|102000050|원효로2가|6,,
|411||13|03238|102000144|대한노인회중앙회|19|03146|102000052|원효로3가|7,,
|411||13|03238|102000144|대한노인회중앙회|16|03180|102000086|효창공원앞역.이봉창역사울림관|15,,
|411||13|03238|102000144|대한노인회중앙회|17|03182|102000088|용산꿈나무종합타운.보건분소|4,,
|411||13|03238|102000144|대한노인회중앙회|93|03182|102000088|용산꿈나무종합타운.보건분소|1,,
|411||13|03238|102000144|대한노인회중앙회|28|03220|102000126|신용산초등학교.중경고등학교|2,,
|411||13|03238|102000144|대한노인회중앙회|30|03224|102000130|금강병원.반도아파트|1,,
|411||13|03238|102000144|대한노인회중앙회|14|03239|102000145|효창운동장.효창동주민센터|1,,
|411||13|03238|102000144|대한노인회중앙회|15|03241|102000147|금양초등학교|4,,
|411||13|03238|102000144|대한노인회중앙회|22|03291|102000197|이촌2동주민센터|1,,
|411||13|03238|102000144|대한노인회중앙회|35|22020|121000020|고속터미널|4,,
|411||14|03239|102000145|효창운동장.효창동주민센터|18|03144|102000050|원효로2가|2,,
|411||14|03239|102000145|효창운동장.효창동주민센터|19|03146|102000052|원효로3가|2,,
|411||14|03239|102000145|효창운동장.효창동주민센터|16|03180|102000086|효창공원앞역.이봉창역사울림관|3,,
|411||14|03239|102000145|효창운동장.효창동주민센터|17|03182|102000088|용산꿈나무종합타운.보건분소|2,,
|411||14|03239|102000145|효창운동장.효창동주민센터|26|03216|102000122|이촌1동충신교회앞|6,,
|411||14|03239|102000145|효창운동장.효창동주민센터|27|03218|102000124|이촌동한강맨션.이촌역|2,,
|411||14|03239|102000145|효창운동장.효창동주민센터|28|03220|102000126|신용산초등학교.중경고등학교|1,,
|411||14|03239|102000145|효창운동장.효창동주민센터|29|03222|102000128|이촌동점보아파트|1,,
|411||14|03239|102000145|효창운동장.효창동주민센터|30|03224|102000130|금강병원.반도아파트|1,,
|411||14|03239|102000145|효창운동장.효창동주민센터|15|03241|102000147|금양초등학교|1,,
|411||14|03239|102000145|효창운동장.효창동주민센터|21|03289|102000195|성촌공원.포르쉐센터용산|2,,
|411||14|03239|102000145|효창운동장.효창동주민센터|22|03291|102000197|이촌2동주민센터|2,,
|411||14|03239|102000145|효창운동장.효창동주민센터|24|03295|102000201|이촌2동강변아파트|7,,
|411||14|03239|102000145|효창운동장.효창동주민센터|20|03303||원효풍전아파트|1,,
|411||14|03239|102000145|효창운동장.효창동주민센터|44|22003|121000003|양재역.서초문화예술회관|1,,
|411||14|03239|102000145|효창운동장.효창동주민센터|41|22009|121000009|신분당선강남역|3,,
|411||14|03239|102000145|효창운동장.효창동주민센터|35|22020|121000020|고속터미널|2,,
|411||14|03239|102000145|효창운동장.효창동주민센터|34|22022|121000022|신반포역.세화여중고|1,,
|411||14|03239|102000145|효창운동장.효창동주민센터|37|22133|121000057|법조단지|3,,
|411||14|03239|102000145|효창운동장.효창동주민센터|46|22294|121000218|매헌시민의숲|1,,
|411||15|03241|102000147|금양초등학교|18|03144|102000050|원효로2가|1,,
|411||15|03241|102000147|금양초등학교|19|03146|102000052|원효로3가|4,,
|411||15|03241|102000147|금양초등학교|16|03180|102000086|효창공원앞역.이봉창역사울림관|6,,
|411||15|03241|102000147|금양초등학교|17|03182|102000088|용산꿈나무종합타운.보건분소|3,,
|411||15|03241|102000147|금양초등학교|93|03182|102000088|용산꿈나무종합타운.보건분소|1,,
|411||15|03241|102000147|금양초등학교|25|03214|102000120|이촌동동부센트레빌|1,,
|411||15|03241|102000147|금양초등학교|26|03216|102000122|이촌1동충신교회앞|2,,
|411||15|03241|102000147|금양초등학교|28|03220|102000126|신용산초등학교.중경고등학교|1,,
|411||15|03241|102000147|금양초등학교|15|03241|102000147|금양초등학교|4,,
|411||15|03241|102000147|금양초등학교|21|03289|102000195|성촌공원.포르쉐센터용산|3,,
|411||15|03241|102000147|금양초등학교|22|03291|102000197|이촌2동주민센터|1,,
|411||15|03241|102000147|금양초등학교|23|03293|102000199|이촌2동대림아파트.새남터성지|5,,
|411||15|03241|102000147|금양초등학교|24|03295|102000201|이촌2동강변아파트|6,,
|411||15|03241|102000147|금양초등학교|20|03303||원효풍전아파트|4,,
|411||15|03241|102000147|금양초등학교|35|22020|121000020|고속터미널|1,,
|411||15|03241|102000147|금양초등학교|33|22024|121000024|구반포역.세화고등학교|2,,
|411||15|03241|102000147|금양초등학교|36|22218|121000142|반포미도아파트앞|1,,
|411||16|03180|102000086|효창공원앞역.이봉창역사울림관|18|03144|102000050|원효로2가|11,,
|411||16|03180|102000086|효창공원앞역.이봉창역사울림관|94|03144|102000050|원효로2가|2,,
|411||16|03180|102000086|효창공원앞역.이봉창역사울림관|19|03146|102000052|원효로3가|40,,
|411||16|03180|102000086|효창공원앞역.이봉창역사울림관|17|03182|102000088|용산꿈나무종합타운.보건분소|4,,
|411||16|03180|102000086|효창공원앞역.이봉창역사울림관|25|03214|102000120|이촌동동부센트레빌|9,,
|411||16|03180|102000086|효창공원앞역.이봉창역사울림관|26|03216|102000122|이촌1동충신교회앞|6,,
|411||16|03180|102000086|효창공원앞역.이봉창역사울림관|27|03218|102000124|이촌동한강맨션.이촌역|2,,
|411||16|03180|102000086|효창공원앞역.이봉창역사울림관|28|03220|102000126|신용산초등학교.중경고등학교|3,,
|411||16|03180|102000086|효창공원앞역.이봉창역사울림관|29|03222|102000128|이촌동점보아파트|3,,
|411||16|03180|102000086|효창공원앞역.이봉창역사울림관|30|03224|102000130|금강병원.반도아파트|1,,
|411||16|03180|102000086|효창공원앞역.이봉창역사울림관|31|03226|102000132|서빙고신동아아파트|4,,
|411||16|03180|102000086|효창공원앞역.이봉창역사울림관|21|03289|102000195|성촌공원.포르쉐센터용산|31,,
|411||16|03180|102000086|효창공원앞역.이봉창역사울림관|22|03291|102000197|이촌2동주민센터|33,,
|411||16|03180|102000086|효창공원앞역.이봉창역사울림관|23|03293|102000199|이촌2동대림아파트.새남터성지|30,,
|411||16|03180|102000086|효창공원앞역.이봉창역사울림관|24|03295|102000201|이촌2동강변아파트|19,,
|411||16|03180|102000086|효창공원앞역.이봉창역사울림관|20|03303||원효풍전아파트|26,,
|411||16|03180|102000086|효창공원앞역.이봉창역사울림관|43|22005|121000005|뱅뱅사거리|1,,
|411||16|03180|102000086|효창공원앞역.이봉창역사울림관|41|22009|121000009|신분당선강남역|1,,
|411||16|03180|102000086|효창공원앞역.이봉창역사울림관|35|22020|121000020|고속터미널|6,,
|411||16|03180|102000086|효창공원앞역.이봉창역사울림관|34|22022|121000022|신반포역.세화여중고|2,,
|411||16|03180|102000086|효창공원앞역.이봉창역사울림관|36|22218|121000142|반포미도아파트앞|3,,
|411||17|03182|102000088|용산꿈나무종합타운.보건분소|17|03182|102000088|용산꿈나무종합타운.보건분소|1,,
|411||17|03182|102000088|용산꿈나무종합타운.보건분소|25|03214|102000120|이촌동동부센트레빌|2,,
|411||17|03182|102000088|용산꿈나무종합타운.보건분소|26|03216|102000122|이촌1동충신교회앞|5,,
|411||17|03182|102000088|용산꿈나무종합타운.보건분소|27|03218|102000124|이촌동한강맨션.이촌역|4,,
|411||17|03182|102000088|용산꿈나무종합타운.보건분소|28|03220|102000126|신용산초등학교.중경고등학교|4,,
|411||17|03182|102000088|용산꿈나무종합타운.보건분소|29|03222|102000128|이촌동점보아파트|8,,
|411||17|03182|102000088|용산꿈나무종합타운.보건분소|31|03226|102000132|서빙고신동아아파트|3,,
|411||17|03182|102000088|용산꿈나무종합타운.보건분소|21|03289|102000195|성촌공원.포르쉐센터용산|9,,
|411||17|03182|102000088|용산꿈나무종합타운.보건분소|22|03291|102000197|이촌2동주민센터|4,,
|411||17|03182|102000088|용산꿈나무종합타운.보건분소|23|03293|102000199|이촌2동대림아파트.새남터성지|5,,
|411||17|03182|102000088|용산꿈나무종합타운.보건분소|24|03295|102000201|이촌2동강변아파트|13,,
|411||17|03182|102000088|용산꿈나무종합타운.보건분소|20|03303||원효풍전아파트|4,,
|411||17|03182|102000088|용산꿈나무종합타운.보건분소|41|22009|121000009|신분당선강남역|1,,
|411||17|03182|102000088|용산꿈나무종합타운.보건분소|35|22020|121000020|고속터미널|4,,
|411||17|03182|102000088|용산꿈나무종합타운.보건분소|38|22103|121000027|교대역2번출구|1,,
|411||17|03182|102000088|용산꿈나무종합타운.보건분소|47|22298|121000222|AT센터.양재꽃시장|1,,
|411||18|03144|102000050|원효로2가|19|03146|102000052|원효로3가|9,,
|411||18|03144|102000050|원효로2가|25|03214|102000120|이촌동동부센트레빌|4,,
|411||18|03144|102000050|원효로2가|26|03216|102000122|이촌1동충신교회앞|3,,
|411||18|03144|102000050|원효로2가|27|03218|102000124|이촌동한강맨션.이촌역|4,,
|411||18|03144|102000050|원효로2가|28|03220|102000126|신용산초등학교.중경고등학교|9,,
|411||18|03144|102000050|원효로2가|29|03222|102000128|이촌동점보아파트|5,,
|411||18|03144|102000050|원효로2가|30|03224|102000130|금강병원.반도아파트|1,,
|411||18|03144|102000050|원효로2가|31|03226|102000132|서빙고신동아아파트|4,,
|411||18|03144|102000050|원효로2가|21|03289|102000195|성촌공원.포르쉐센터용산|12,,
|411||18|03144|102000050|원효로2가|22|03291|102000197|이촌2동주민센터|25,,
|411||18|03144|102000050|원효로2가|23|03293|102000199|이촌2동대림아파트.새남터성지|11,,
|411||18|03144|102000050|원효로2가|24|03295|102000201|이촌2동강변아파트|10,,
|411||18|03144|102000050|원효로2가|20|03303||원효풍전아파트|10,,
|411||18|03144|102000050|원효로2가|42|22007|121000007|래미안아파트.파이낸셜뉴스|2,,
|411||18|03144|102000050|원효로2가|35|22020|121000020|고속터미널|2,,
|411||18|03144|102000050|원효로2가|34|22022|121000022|신반포역.세화여중고|3,,
|411||18|03144|102000050|원효로2가|36|22218|121000142|반포미도아파트앞|2,,
|411||18|03144|102000050|원효로2가|47|22298|121000222|AT센터.양재꽃시장|1,,
|411||19|03146|102000052|원효로3가|25|03214|102000120|이촌동동부센트레빌|4,,
|411||19|03146|102000052|원효로3가|26|03216|102000122|이촌1동충신교회앞|4,,
|411||19|03146|102000052|원효로3가|27|03218|102000124|이촌동한강맨션.이촌역|14,,
|411||19|03146|102000052|원효로3가|28|03220|102000126|신용산초등학교.중경고등학교|6,,
|411||19|03146|102000052|원효로3가|29|03222|102000128|이촌동점보아파트|8,,
|411||19|03146|102000052|원효로3가|30|03224|102000130|금강병원.반도아파트|1,,
|411||19|03146|102000052|원효로3가|31|03226|102000132|서빙고신동아아파트|1,,
|411||19|03146|102000052|원효로3가|21|03289|102000195|성촌공원.포르쉐센터용산|20,,
|411||19|03146|102000052|원효로3가|22|03291|102000197|이촌2동주민센터|20,,
|411||19|03146|102000052|원효로3가|23|03293|102000199|이촌2동대림아파트.새남터성지|17,,
|411||19|03146|102000052|원효로3가|24|03295|102000201|이촌2동강변아파트|15,,
|411||19|03146|102000052|원효로3가|43|22005|121000005|뱅뱅사거리|3,,
|411||19|03146|102000052|원효로3가|41|22009|121000009|신분당선강남역|4,,
|411||19|03146|102000052|원효로3가|35|22020|121000020|고속터미널|12,,
|411||19|03146|102000052|원효로3가|34|22022|121000022|신반포역.세화여중고|1,,
|411||19|03146|102000052|원효로3가|33|22024|121000024|구반포역.세화고등학교|3,,
|411||19|03146|102000052|원효로3가|38|22103|121000027|교대역2번출구|3,,
|411||19|03146|102000052|원효로3가|39|22104|121000028|서초동유원아파트|1,,
|411||19|03146|102000052|원효로3가|40|22114|121000038|롯데칠성|1,,
|411||19|03146|102000052|원효로3가|46|22294|121000218|매헌시민의숲|2,,
|411||19|03146|102000052|원효로3가|47|22298|121000222|AT센터.양재꽃시장|2,,
|411||20|03303||원효풍전아파트|25|03214|102000120|이촌동동부센트레빌|6,,
|411||20|03303||원효풍전아파트|26|03216|102000122|이촌1동충신교회앞|9,,
|411||20|03303||원효풍전아파트|27|03218|102000124|이촌동한강맨션.이촌역|23,,
|411||20|03303||원효풍전아파트|28|03220|102000126|신용산초등학교.중경고등학교|7,,
|411||20|03303||원효풍전아파트|29|03222|102000128|이촌동점보아파트|5,,
|411||20|03303||원효풍전아파트|31|03226|102000132|서빙고신동아아파트|5,,
|411||20|03303||원효풍전아파트|23|03293|102000199|이촌2동대림아파트.새남터성지|1,,
|411||20|03303||원효풍전아파트|24|03295|102000201|이촌2동강변아파트|7,,
|411||20|03303||원효풍전아파트|43|22005|121000005|뱅뱅사거리|2,,
|411||20|03303||원효풍전아파트|42|22007|121000007|래미안아파트.파이낸셜뉴스|1,,
|411||20|03303||원효풍전아파트|41|22009|121000009|신분당선강남역|6,,
|411||20|03303||원효풍전아파트|35|22020|121000020|고속터미널|27,,
|411||20|03303||원효풍전아파트|34|22022|121000022|신반포역.세화여중고|4,,
|411||20|03303||원효풍전아파트|33|22024|121000024|구반포역.세화고등학교|4,,
|411||20|03303||원효풍전아파트|38|22103|121000027|교대역2번출구|2,,
|411||20|03303||원효풍전아파트|39|22104|121000028|서초동유원아파트|1,,
|411||20|03303||원효풍전아파트|40|22114|121000038|롯데칠성|1,,
|411||20|03303||원효풍전아파트|37|22133|121000057|법조단지|1,,
|411||20|03303||원효풍전아파트|36|22218|121000142|반포미도아파트앞|2,,
|411||20|03303||원효풍전아파트|46|22294|121000218|매헌시민의숲|2,,
|411||20|03303||원효풍전아파트|47|22298|121000222|AT센터.양재꽃시장|1,,
|411||20|03303||원효풍전아파트|32|22396|121000314|동작대교전망카페|1,,
|411||21|03289|102000195|성촌공원.포르쉐센터용산|25|03214|102000120|이촌동동부센트레빌|7,,
|411||21|03289|102000195|성촌공원.포르쉐센터용산|26|03216|102000122|이촌1동충신교회앞|7,,
|411||21|03289|102000195|성촌공원.포르쉐센터용산|27|03218|102000124|이촌동한강맨션.이촌역|12,,
|411||21|03289|102000195|성촌공원.포르쉐센터용산|28|03220|102000126|신용산초등학교.중경고등학교|4,,
|411||21|03289|102000195|성촌공원.포르쉐센터용산|29|03222|102000128|이촌동점보아파트|7,,
|411||21|03289|102000195|성촌공원.포르쉐센터용산|30|03224|102000130|금강병원.반도아파트|1,,
|411||21|03289|102000195|성촌공원.포르쉐센터용산|31|03226|102000132|서빙고신동아아파트|3,,
|411||21|03289|102000195|성촌공원.포르쉐센터용산|21|03289|102000195|성촌공원.포르쉐센터용산|3,,
|411||21|03289|102000195|성촌공원.포르쉐센터용산|22|03291|102000197|이촌2동주민센터|3,,
|411||21|03289|102000195|성촌공원.포르쉐센터용산|23|03293|102000199|이촌2동대림아파트.새남터성지|8,,
|411||21|03289|102000195|성촌공원.포르쉐센터용산|24|03295|102000201|이촌2동강변아파트|7,,
|411||21|03289|102000195|성촌공원.포르쉐센터용산|45|22001|121000001|말죽거리공원사거리|1,,
|411||21|03289|102000195|성촌공원.포르쉐센터용산|42|22007|121000007|래미안아파트.파이낸셜뉴스|1,,
|411||21|03289|102000195|성촌공원.포르쉐센터용산|41|22009|121000009|신분당선강남역|2,,
|411||21|03289|102000195|성촌공원.포르쉐센터용산|35|22020|121000020|고속터미널|13,,
|411||21|03289|102000195|성촌공원.포르쉐센터용산|34|22022|121000022|신반포역.세화여중고|5,,
|411||21|03289|102000195|성촌공원.포르쉐센터용산|33|22024|121000024|구반포역.세화고등학교|4,,
|411||21|03289|102000195|성촌공원.포르쉐센터용산|37|22133|121000057|법조단지|1,,
|411||21|03289|102000195|성촌공원.포르쉐센터용산|36|22218|121000142|반포미도아파트앞|6,,
|411||21|03289|102000195|성촌공원.포르쉐센터용산|32|22396|121000314|동작대교전망카페|1,,
|411||22|03291|102000197|이촌2동주민센터|25|03214|102000120|이촌동동부센트레빌|3,,
|411||22|03291|102000197|이촌2동주민센터|26|03216|102000122|이촌1동충신교회앞|14,,
|411||22|03291|102000197|이촌2동주민센터|27|03218|102000124|이촌동한강맨션.이촌역|25,,
|411||22|03291|102000197|이촌2동주민센터|28|03220|102000126|신용산초등학교.중경고등학교|8,,
|411||22|03291|102000197|이촌2동주민센터|29|03222|102000128|이촌동점보아파트|4,,
|411||22|03291|102000197|이촌2동주민센터|30|03224|102000130|금강병원.반도아파트|1,,
|411||22|03291|102000197|이촌2동주민센터|31|03226|102000132|서빙고신동아아파트|1,,
|411||22|03291|102000197|이촌2동주민센터|23|03293|102000199|이촌2동대림아파트.새남터성지|3,,
|411||22|03291|102000197|이촌2동주민센터|24|03295|102000201|이촌2동강변아파트|17,,
|411||22|03291|102000197|이촌2동주민센터|42|22007|121000007|래미안아파트.파이낸셜뉴스|1,,
|411||22|03291|102000197|이촌2동주민센터|41|22009|121000009|신분당선강남역|6,,
|411||22|03291|102000197|이촌2동주민센터|35|22020|121000020|고속터미널|30,,
|411||22|03291|102000197|이촌2동주민센터|34|22022|121000022|신반포역.세화여중고|2,,
|411||22|03291|102000197|이촌2동주민센터|33|22024|121000024|구반포역.세화고등학교|7,,
|411||22|03291|102000197|이촌2동주민센터|38|22103|121000027|교대역2번출구|5,,
|411||22|03291|102000197|이촌2동주민센터|39|22104|121000028|서초동유원아파트|1,,
|411||22|03291|102000197|이촌2동주민센터|40|22114|121000038|롯데칠성|3,,
|411||22|03291|102000197|이촌2동주민센터|37|22133|121000057|법조단지|3,,
|411||22|03291|102000197|이촌2동주민센터|36|22218|121000142|반포미도아파트앞|1,,
|411||22|03291|102000197|이촌2동주민센터|47|22298|121000222|AT센터.양재꽃시장|2,,
|411||22|03291|102000197|이촌2동주민센터|32|22396|121000314|동작대교전망카페|1,,
|411||23|03293|102000199|이촌2동대림아파트.새남터성지|25|03214|102000120|이촌동동부센트레빌|5,,
|411||23|03293|102000199|이촌2동대림아파트.새남터성지|26|03216|102000122|이촌1동충신교회앞|13,,
|411||23|03293|102000199|이촌2동대림아파트.새남터성지|27|03218|102000124|이촌동한강맨션.이촌역|29,,
|411||23|03293|102000199|이촌2동대림아파트.새남터성지|28|03220|102000126|신용산초등학교.중경고등학교|8,,
|411||23|03293|102000199|이촌2동대림아파트.새남터성지|29|03222|102000128|이촌동점보아파트|9,,
|411||23|03293|102000199|이촌2동대림아파트.새남터성지|30|03224|102000130|금강병원.반도아파트|5,,
|411||23|03293|102000199|이촌2동대림아파트.새남터성지|31|03226|102000132|서빙고신동아아파트|1,,
|411||23|03293|102000199|이촌2동대림아파트.새남터성지|23|03293|102000199|이촌2동대림아파트.새남터성지|3,,
|411||23|03293|102000199|이촌2동대림아파트.새남터성지|24|03295|102000201|이촌2동강변아파트|9,,
|411||23|03293|102000199|이촌2동대림아파트.새남터성지|45|22001|121000001|말죽거리공원사거리|1,,
|411||23|03293|102000199|이촌2동대림아파트.새남터성지|44|22003|121000003|양재역.서초문화예술회관|3,,
|411||23|03293|102000199|이촌2동대림아파트.새남터성지|43|22005|121000005|뱅뱅사거리|2,,
|411||23|03293|102000199|이촌2동대림아파트.새남터성지|42|22007|121000007|래미안아파트.파이낸셜뉴스|3,,
|411||23|03293|102000199|이촌2동대림아파트.새남터성지|41|22009|121000009|신분당선강남역|4,,
|411||23|03293|102000199|이촌2동대림아파트.새남터성지|35|22020|121000020|고속터미널|15,,
|411||23|03293|102000199|이촌2동대림아파트.새남터성지|34|22022|121000022|신반포역.세화여중고|4,,
|411||23|03293|102000199|이촌2동대림아파트.새남터성지|33|22024|121000024|구반포역.세화고등학교|9,,
|411||23|03293|102000199|이촌2동대림아파트.새남터성지|38|22103|121000027|교대역2번출구|4,,
|411||23|03293|102000199|이촌2동대림아파트.새남터성지|39|22104|121000028|서초동유원아파트|1,,
|411||23|03293|102000199|이촌2동대림아파트.새남터성지|40|22114|121000038|롯데칠성|2,,
|411||23|03293|102000199|이촌2동대림아파트.새남터성지|37|22133|121000057|법조단지|1,,
|411||23|03293|102000199|이촌2동대림아파트.새남터성지|36|22218|121000142|반포미도아파트앞|1,,
|411||23|03293|102000199|이촌2동대림아파트.새남터성지|46|22294|121000218|매헌시민의숲|2,,
|411||23|03293|102000199|이촌2동대림아파트.새남터성지|32|22396|121000314|동작대교전망카페|1,,
|411||24|03295|102000201|이촌2동강변아파트|25|03214|102000120|이촌동동부센트레빌|9,,
|411||24|03295|102000201|이촌2동강변아파트|26|03216|102000122|이촌1동충신교회앞|32,,
|411||24|03295|102000201|이촌2동강변아파트|27|03218|102000124|이촌동한강맨션.이촌역|59,,
|411||24|03295|102000201|이촌2동강변아파트|28|03220|102000126|신용산초등학교.중경고등학교|16,,
|411||24|03295|102000201|이촌2동강변아파트|29|03222|102000128|이촌동점보아파트|8,,
|411||24|03295|102000201|이촌2동강변아파트|30|03224|102000130|금강병원.반도아파트|8,,
|411||24|03295|102000201|이촌2동강변아파트|31|03226|102000132|서빙고신동아아파트|4,,
|411||24|03295|102000201|이촌2동강변아파트|24|03295|102000201|이촌2동강변아파트|3,,
|411||24|03295|102000201|이촌2동강변아파트|45|22001|121000001|말죽거리공원사거리|2,,
|411||24|03295|102000201|이촌2동강변아파트|44|22003|121000003|양재역.서초문화예술회관|2,,
|411||24|03295|102000201|이촌2동강변아파트|43|22005|121000005|뱅뱅사거리|2,,
|411||24|03295|102000201|이촌2동강변아파트|42|22007|121000007|래미안아파트.파이낸셜뉴스|2,,
|411||24|03295|102000201|이촌2동강변아파트|41|22009|121000009|신분당선강남역|9,,
|411||24|03295|102000201|이촌2동강변아파트|35|22020|121000020|고속터미널|36,,
|411||24|03295|102000201|이촌2동강변아파트|34|22022|121000022|신반포역.세화여중고|16,,
|411||24|03295|102000201|이촌2동강변아파트|33|22024|121000024|구반포역.세화고등학교|8,,
|411||24|03295|102000201|이촌2동강변아파트|38|22103|121000027|교대역2번출구|4,,
|411||24|03295|102000201|이촌2동강변아파트|39|22104|121000028|서초동유원아파트|3,,
|411||24|03295|102000201|이촌2동강변아파트|40|22114|121000038|롯데칠성|4,,
|411||24|03295|102000201|이촌2동강변아파트|37|22133|121000057|법조단지|3,,
|411||24|03295|102000201|이촌2동강변아파트|36|22218|121000142|반포미도아파트앞|2,,
|411||25|03214|102000120|이촌동동부센트레빌|26|03216|102000122|이촌1동충신교회앞|5,,
|411||25|03214|102000120|이촌동동부센트레빌|27|03218|102000124|이촌동한강맨션.이촌역|15,,
|411||25|03214|102000120|이촌동동부센트레빌|28|03220|102000126|신용산초등학교.중경고등학교|5,,
|411||25|03214|102000120|이촌동동부센트레빌|29|03222|102000128|이촌동점보아파트|1,,
|411||25|03214|102000120|이촌동동부센트레빌|30|03224|102000130|금강병원.반도아파트|3,,
|411||25|03214|102000120|이촌동동부센트레빌|31|03226|102000132|서빙고신동아아파트|2,,
|411||25|03214|102000120|이촌동동부센트레빌|43|22005|121000005|뱅뱅사거리|1,,
|411||25|03214|102000120|이촌동동부센트레빌|41|22009|121000009|신분당선강남역|2,,
|411||25|03214|102000120|이촌동동부센트레빌|35|22020|121000020|고속터미널|7,,
|411||25|03214|102000120|이촌동동부센트레빌|34|22022|121000022|신반포역.세화여중고|6,,
|411||25|03214|102000120|이촌동동부센트레빌|33|22024|121000024|구반포역.세화고등학교|2,,
|411||25|03214|102000120|이촌동동부센트레빌|39|22104|121000028|서초동유원아파트|1,,
|411||25|03214|102000120|이촌동동부센트레빌|40|22114|121000038|롯데칠성|3,,
|411||25|03214|102000120|이촌동동부센트레빌|37|22133|121000057|법조단지|3,,
|411||25|03214|102000120|이촌동동부센트레빌|36|22218|121000142|반포미도아파트앞|1,,
|411||26|03216|102000122|이촌1동충신교회앞|26|03216|102000122|이촌1동충신교회앞|3,,
|411||26|03216|102000122|이촌1동충신교회앞|27|03218|102000124|이촌동한강맨션.이촌역|12,,
|411||26|03216|102000122|이촌1동충신교회앞|28|03220|102000126|신용산초등학교.중경고등학교|12,,
|411||26|03216|102000122|이촌1동충신교회앞|29|03222|102000128|이촌동점보아파트|8,,
|411||26|03216|102000122|이촌1동충신교회앞|30|03224|102000130|금강병원.반도아파트|7,,
|411||26|03216|102000122|이촌1동충신교회앞|31|03226|102000132|서빙고신동아아파트|4,,
|411||26|03216|102000122|이촌1동충신교회앞|45|22001|121000001|말죽거리공원사거리|1,,
|411||26|03216|102000122|이촌1동충신교회앞|44|22003|121000003|양재역.서초문화예술회관|1,,
|411||26|03216|102000122|이촌1동충신교회앞|43|22005|121000005|뱅뱅사거리|2,,
|411||26|03216|102000122|이촌1동충신교회앞|42|22007|121000007|래미안아파트.파이낸셜뉴스|1,,
|411||26|03216|102000122|이촌1동충신교회앞|41|22009|121000009|신분당선강남역|8,,
|411||26|03216|102000122|이촌1동충신교회앞|35|22020|121000020|고속터미널|24,,
|411||26|03216|102000122|이촌1동충신교회앞|34|22022|121000022|신반포역.세화여중고|12,,
|411||26|03216|102000122|이촌1동충신교회앞|33|22024|121000024|구반포역.세화고등학교|11,,
|411||26|03216|102000122|이촌1동충신교회앞|38|22103|121000027|교대역2번출구|1,,
|411||26|03216|102000122|이촌1동충신교회앞|40|22114|121000038|롯데칠성|1,,
|411||26|03216|102000122|이촌1동충신교회앞|37|22133|121000057|법조단지|1,,
|411||26|03216|102000122|이촌1동충신교회앞|36|22218|121000142|반포미도아파트앞|5,,
|411||26|03216|102000122|이촌1동충신교회앞|32|22396|121000314|동작대교전망카페|6,,
|411||27|03218|102000124|이촌동한강맨션.이촌역|27|03218|102000124|이촌동한강맨션.이촌역|3,,
|411||27|03218|102000124|이촌동한강맨션.이촌역|28|03220|102000126|신용산초등학교.중경고등학교|23,,
|411||27|03218|102000124|이촌동한강맨션.이촌역|29|03222|102000128|이촌동점보아파트|27,,
|411||27|03218|102000124|이촌동한강맨션.이촌역|30|03224|102000130|금강병원.반도아파트|23,,
|411||27|03218|102000124|이촌동한강맨션.이촌역|31|03226|102000132|서빙고신동아아파트|35,,
|411||27|03218|102000124|이촌동한강맨션.이촌역|44|22003|121000003|양재역.서초문화예술회관|1,,
|411||27|03218|102000124|이촌동한강맨션.이촌역|43|22005|121000005|뱅뱅사거리|1,,
|411||27|03218|102000124|이촌동한강맨션.이촌역|41|22009|121000009|신분당선강남역|6,,
|411||27|03218|102000124|이촌동한강맨션.이촌역|35|22020|121000020|고속터미널|42,,
|411||27|03218|102000124|이촌동한강맨션.이촌역|34|22022|121000022|신반포역.세화여중고|25,,
|411||27|03218|102000124|이촌동한강맨션.이촌역|33|22024|121000024|구반포역.세화고등학교|12,,
|411||27|03218|102000124|이촌동한강맨션.이촌역|38|22103|121000027|교대역2번출구|5,,
|411||27|03218|102000124|이촌동한강맨션.이촌역|40|22114|121000038|롯데칠성|3,,
|411||27|03218|102000124|이촌동한강맨션.이촌역|37|22133|121000057|법조단지|1,,
|411||27|03218|102000124|이촌동한강맨션.이촌역|36|22218|121000142|반포미도아파트앞|14,,
|411||27|03218|102000124|이촌동한강맨션.이촌역|46|22294|121000218|매헌시민의숲|1,,
|411||27|03218|102000124|이촌동한강맨션.이촌역|47|22298|121000222|AT센터.양재꽃시장|1,,
|411||27|03218|102000124|이촌동한강맨션.이촌역|32|22396|121000314|동작대교전망카페|6,,
|411||28|03220|102000126|신용산초등학교.중경고등학교|28|03220|102000126|신용산초등학교.중경고등학교|1,,
|411||28|03220|102000126|신용산초등학교.중경고등학교|29|03222|102000128|이촌동점보아파트|7,,
|411||28|03220|102000126|신용산초등학교.중경고등학교|30|03224|102000130|금강병원.반도아파트|5,,
|411||28|03220|102000126|신용산초등학교.중경고등학교|31|03226|102000132|서빙고신동아아파트|20,,
|411||28|03220|102000126|신용산초등학교.중경고등학교|44|22003|121000003|양재역.서초문화예술회관|2,,
|411||28|03220|102000126|신용산초등학교.중경고등학교|43|22005|121000005|뱅뱅사거리|2,,
|411||28|03220|102000126|신용산초등학교.중경고등학교|42|22007|121000007|래미안아파트.파이낸셜뉴스|3,,
|411||28|03220|102000126|신용산초등학교.중경고등학교|41|22009|121000009|신분당선강남역|9,,
|411||28|03220|102000126|신용산초등학교.중경고등학교|35|22020|121000020|고속터미널|44,,
|411||28|03220|102000126|신용산초등학교.중경고등학교|34|22022|121000022|신반포역.세화여중고|15,,
|411||28|03220|102000126|신용산초등학교.중경고등학교|33|22024|121000024|구반포역.세화고등학교|15,,
|411||28|03220|102000126|신용산초등학교.중경고등학교|38|22103|121000027|교대역2번출구|7,,
|411||28|03220|102000126|신용산초등학교.중경고등학교|39|22104|121000028|서초동유원아파트|2,,
|411||28|03220|102000126|신용산초등학교.중경고등학교|40|22114|121000038|롯데칠성|4,,
|411||28|03220|102000126|신용산초등학교.중경고등학교|37|22133|121000057|법조단지|6,,
|411||28|03220|102000126|신용산초등학교.중경고등학교|36|22218|121000142|반포미도아파트앞|15,,
|411||28|03220|102000126|신용산초등학교.중경고등학교|46|22294|121000218|매헌시민의숲|1,,
|411||28|03220|102000126|신용산초등학교.중경고등학교|47|22298|121000222|AT센터.양재꽃시장|1,,
|411||28|03220|102000126|신용산초등학교.중경고등학교|32|22396|121000314|동작대교전망카페|3,,
|411||29|03222|102000128|이촌동점보아파트|30|03224|102000130|금강병원.반도아파트|4,,
|411||29|03222|102000128|이촌동점보아파트|31|03226|102000132|서빙고신동아아파트|10,,
|411||29|03222|102000128|이촌동점보아파트|45|22001|121000001|말죽거리공원사거리|1,,
|411||29|03222|102000128|이촌동점보아파트|44|22003|121000003|양재역.서초문화예술회관|3,,
|411||29|03222|102000128|이촌동점보아파트|42|22007|121000007|래미안아파트.파이낸셜뉴스|3,,
|411||29|03222|102000128|이촌동점보아파트|41|22009|121000009|신분당선강남역|14,,
|411||29|03222|102000128|이촌동점보아파트|35|22020|121000020|고속터미널|59,,
|411||29|03222|102000128|이촌동점보아파트|34|22022|121000022|신반포역.세화여중고|24,,
|411||29|03222|102000128|이촌동점보아파트|33|22024|121000024|구반포역.세화고등학교|31,,
|411||29|03222|102000128|이촌동점보아파트|38|22103|121000027|교대역2번출구|10,,
|411||29|03222|102000128|이촌동점보아파트|40|22114|121000038|롯데칠성|3,,
|411||29|03222|102000128|이촌동점보아파트|37|22133|121000057|법조단지|6,,
|411||29|03222|102000128|이촌동점보아파트|36|22218|121000142|반포미도아파트앞|17,,
|411||29|03222|102000128|이촌동점보아파트|32|22396|121000314|동작대교전망카페|6,,
|411||30|03224|102000130|금강병원.반도아파트|30|03224|102000130|금강병원.반도아파트|2,,
|411||30|03224|102000130|금강병원.반도아파트|31|03226|102000132|서빙고신동아아파트|6,,
|411||30|03224|102000130|금강병원.반도아파트|44|22003|121000003|양재역.서초문화예술회관|2,,
|411||30|03224|102000130|금강병원.반도아파트|43|22005|121000005|뱅뱅사거리|3,,
|411||30|03224|102000130|금강병원.반도아파트|41|22009|121000009|신분당선강남역|6,,
|411||30|03224|102000130|금강병원.반도아파트|35|22020|121000020|고속터미널|42,,
|411||30|03224|102000130|금강병원.반도아파트|34|22022|121000022|신반포역.세화여중고|20,,
|411||30|03224|102000130|금강병원.반도아파트|33|22024|121000024|구반포역.세화고등학교|14,,
|411||30|03224|102000130|금강병원.반도아파트|38|22103|121000027|교대역2번출구|5,,
|411||30|03224|102000130|금강병원.반도아파트|39|22104|121000028|서초동유원아파트|1,,
|411||30|03224|102000130|금강병원.반도아파트|40|22114|121000038|롯데칠성|2,,
|411||30|03224|102000130|금강병원.반도아파트|36|22218|121000142|반포미도아파트앞|6,,
|411||30|03224|102000130|금강병원.반도아파트|32|22396|121000314|동작대교전망카페|1,,
|411||31|03226|102000132|서빙고신동아아파트|45|22001|121000001|말죽거리공원사거리|1,,
|411||31|03226|102000132|서빙고신동아아파트|44|22003|121000003|양재역.서초문화예술회관|4,,
|411||31|03226|102000132|서빙고신동아아파트|43|22005|121000005|뱅뱅사거리|2,,
|411||31|03226|102000132|서빙고신동아아파트|42|22007|121000007|래미안아파트.파이낸셜뉴스|6,,
|411||31|03226|102000132|서빙고신동아아파트|41|22009|121000009|신분당선강남역|8,,
|411||31|03226|102000132|서빙고신동아아파트|35|22020|121000020|고속터미널|63,,
|411||31|03226|102000132|서빙고신동아아파트|34|22022|121000022|신반포역.세화여중고|25,,
|411||31|03226|102000132|서빙고신동아아파트|33|22024|121000024|구반포역.세화고등학교|21,,
|411||31|03226|102000132|서빙고신동아아파트|38|22103|121000027|교대역2번출구|9,,
|411||31|03226|102000132|서빙고신동아아파트|39|22104|121000028|서초동유원아파트|2,,
|411||31|03226|102000132|서빙고신동아아파트|40|22114|121000038|롯데칠성|3,,
|411||31|03226|102000132|서빙고신동아아파트|37|22133|121000057|법조단지|6,,
|411||31|03226|102000132|서빙고신동아아파트|36|22218|121000142|반포미도아파트앞|7,,
|411||31|03226|102000132|서빙고신동아아파트|46|22294|121000218|매헌시민의숲|1,,
|411||31|03226|102000132|서빙고신동아아파트|47|22298|121000222|AT센터.양재꽃시장|1,,
|411||31|03226|102000132|서빙고신동아아파트|32|22396|121000314|동작대교전망카페|2,,
|411||32|22396|121000314|동작대교전망카페|35|22020|121000020|고속터미널|15,,
|411||32|22396|121000314|동작대교전망카페|34|22022|121000022|신반포역.세화여중고|5,,
|411||32|22396|121000314|동작대교전망카페|33|22024|121000024|구반포역.세화고등학교|4,,
|411||32|22396|121000314|동작대교전망카페|38|22103|121000027|교대역2번출구|2,,
|411||32|22396|121000314|동작대교전망카페|39|22104|121000028|서초동유원아파트|1,,
|411||32|22396|121000314|동작대교전망카페|40|22114|121000038|롯데칠성|2,,
|411||32|22396|121000314|동작대교전망카페|37|22133|121000057|법조단지|1,,
|411||32|22396|121000314|동작대교전망카페|36|22218|121000142|반포미도아파트앞|5,,
|411||33|22024|121000024|구반포역.세화고등학교|45|22001|121000001|말죽거리공원사거리|2,,
|411||33|22024|121000024|구반포역.세화고등학교|43|22005|121000005|뱅뱅사거리|1,,
|411||33|22024|121000024|구반포역.세화고등학교|42|22007|121000007|래미안아파트.파이낸셜뉴스|2,,
|411||33|22024|121000024|구반포역.세화고등학교|41|22009|121000009|신분당선강남역|1,,
|411||33|22024|121000024|구반포역.세화고등학교|35|22020|121000020|고속터미널|21,,
|411||33|22024|121000024|구반포역.세화고등학교|34|22022|121000022|신반포역.세화여중고|4,,
|411||33|22024|121000024|구반포역.세화고등학교|33|22024|121000024|구반포역.세화고등학교|5,,
|411||33|22024|121000024|구반포역.세화고등학교|38|22103|121000027|교대역2번출구|6,,
|411||33|22024|121000024|구반포역.세화고등학교|39|22104|121000028|서초동유원아파트|4,,
|411||33|22024|121000024|구반포역.세화고등학교|37|22133|121000057|법조단지|10,,
|411||33|22024|121000024|구반포역.세화고등학교|36|22218|121000142|반포미도아파트앞|23,,
|411||34|22022|121000022|신반포역.세화여중고|45|22001|121000001|말죽거리공원사거리|3,,
|411||34|22022|121000022|신반포역.세화여중고|44|22003|121000003|양재역.서초문화예술회관|3,,
|411||34|22022|121000022|신반포역.세화여중고|43|22005|121000005|뱅뱅사거리|2,,
|411||34|22022|121000022|신반포역.세화여중고|42|22007|121000007|래미안아파트.파이낸셜뉴스|4,,
|411||34|22022|121000022|신반포역.세화여중고|41|22009|121000009|신분당선강남역|10,,
|411||34|22022|121000022|신반포역.세화여중고|35|22020|121000020|고속터미널|52,,
|411||34|22022|121000022|신반포역.세화여중고|34|22022|121000022|신반포역.세화여중고|7,,
|411||34|22022|121000022|신반포역.세화여중고|38|22103|121000027|교대역2번출구|12,,
|411||34|22022|121000022|신반포역.세화여중고|39|22104|121000028|서초동유원아파트|5,,
|411||34|22022|121000022|신반포역.세화여중고|40|22114|121000038|롯데칠성|7,,
|411||34|22022|121000022|신반포역.세화여중고|37|22133|121000057|법조단지|9,,
|411||34|22022|121000022|신반포역.세화여중고|36|22218|121000142|반포미도아파트앞|65,,
|411||34|22022|121000022|신반포역.세화여중고|47|22298|121000222|AT센터.양재꽃시장|1,,
|411||35|22020|121000020|고속터미널|45|22001|121000001|말죽거리공원사거리|1,,
|411||35|22020|121000020|고속터미널|44|22003|121000003|양재역.서초문화예술회관|3,,
|411||35|22020|121000020|고속터미널|43|22005|121000005|뱅뱅사거리|5,,
|411||35|22020|121000020|고속터미널|42|22007|121000007|래미안아파트.파이낸셜뉴스|22,,
|411||35|22020|121000020|고속터미널|41|22009|121000009|신분당선강남역|22,,
|411||35|22020|121000020|고속터미널|35|22020|121000020|고속터미널|23,,
|411||35|22020|121000020|고속터미널|38|22103|121000027|교대역2번출구|41,,
|411||35|22020|121000020|고속터미널|39|22104|121000028|서초동유원아파트|22,,
|411||35|22020|121000020|고속터미널|40|22114|121000038|롯데칠성|16,,
|411||35|22020|121000020|고속터미널|37|22133|121000057|법조단지|64,,
|411||35|22020|121000020|고속터미널|36|22218|121000142|반포미도아파트앞|371,,
|411||35|22020|121000020|고속터미널|46|22294|121000218|매헌시민의숲|1,,
|411||35|22020|121000020|고속터미널|47|22298|121000222|AT센터.양재꽃시장|4,,
|411||36|22218|121000142|반포미도아파트앞|48|00000|121001340|염곡지하차도북측(가상)|13,,
|411||36|22218|121000142|반포미도아파트앞|45|22001|121000001|말죽거리공원사거리|8,,
|411||36|22218|121000142|반포미도아파트앞|44|22003|121000003|양재역.서초문화예술회관|17,,
|411||36|22218|121000142|반포미도아파트앞|43|22005|121000005|뱅뱅사거리|28,,
|411||36|22218|121000142|반포미도아파트앞|42|22007|121000007|래미안아파트.파이낸셜뉴스|18,,
|411||36|22218|121000142|반포미도아파트앞|41|22009|121000009|신분당선강남역|86,,
|411||36|22218|121000142|반포미도아파트앞|38|22103|121000027|교대역2번출구|234,,
|411||36|22218|121000142|반포미도아파트앞|39|22104|121000028|서초동유원아파트|22,,
|411||36|22218|121000142|반포미도아파트앞|40|22114|121000038|롯데칠성|35,,
|411||36|22218|121000142|반포미도아파트앞|37|22133|121000057|법조단지|49,,
|411||36|22218|121000142|반포미도아파트앞|36|22218|121000142|반포미도아파트앞|7,,
|411||36|22218|121000142|반포미도아파트앞|46|22294|121000218|매헌시민의숲|12,,
|411||36|22218|121000142|반포미도아파트앞|47|22298|121000222|AT센터.양재꽃시장|13,,
|411||37|22133|121000057|법조단지|48|00000|121001340|염곡지하차도북측(가상)|2,,
|411||37|22133|121000057|법조단지|45|22001|121000001|말죽거리공원사거리|2,,
|411||37|22133|121000057|법조단지|44|22003|121000003|양재역.서초문화예술회관|6,,
|411||37|22133|121000057|법조단지|43|22005|121000005|뱅뱅사거리|10,,
|411||37|22133|121000057|법조단지|42|22007|121000007|래미안아파트.파이낸셜뉴스|9,,
|411||37|22133|121000057|법조단지|41|22009|121000009|신분당선강남역|38,,
|411||37|22133|121000057|법조단지|38|22103|121000027|교대역2번출구|9,,
|411||37|22133|121000057|법조단지|39|22104|121000028|서초동유원아파트|7,,
|411||37|22133|121000057|법조단지|40|22114|121000038|롯데칠성|7,,
|411||37|22133|121000057|법조단지|37|22133|121000057|법조단지|3,,
|411||37|22133|121000057|법조단지|46|22294|121000218|매헌시민의숲|7,,
|411||37|22133|121000057|법조단지|47|22298|121000222|AT센터.양재꽃시장|2,,
|411||38|22103|121000027|교대역2번출구|48|00000|121001340|염곡지하차도북측(가상)|2,,
|411||38|22103|121000027|교대역2번출구|45|22001|121000001|말죽거리공원사거리|9,,
|411||38|22103|121000027|교대역2번출구|44|22003|121000003|양재역.서초문화예술회관|10,,
|411||38|22103|121000027|교대역2번출구|43|22005|121000005|뱅뱅사거리|9,,
|411||38|22103|121000027|교대역2번출구|42|22007|121000007|래미안아파트.파이낸셜뉴스|26,,
|411||38|22103|121000027|교대역2번출구|41|22009|121000009|신분당선강남역|42,,
|411||38|22103|121000027|교대역2번출구|38|22103|121000027|교대역2번출구|18,,
|411||38|22103|121000027|교대역2번출구|39|22104|121000028|서초동유원아파트|24,,
|411||38|22103|121000027|교대역2번출구|40|22114|121000038|롯데칠성|20,,
|411||38|22103|121000027|교대역2번출구|46|22294|121000218|매헌시민의숲|9,,
|411||38|22103|121000027|교대역2번출구|47|22298|121000222|AT센터.양재꽃시장|7,,
|411||39|22104|121000028|서초동유원아파트|48|00000|121001340|염곡지하차도북측(가상)|5,,
|411||39|22104|121000028|서초동유원아파트|45|22001|121000001|말죽거리공원사거리|3,,
|411||39|22104|121000028|서초동유원아파트|44|22003|121000003|양재역.서초문화예술회관|12,,
|411||39|22104|121000028|서초동유원아파트|43|22005|121000005|뱅뱅사거리|16,,
|411||39|22104|121000028|서초동유원아파트|42|22007|121000007|래미안아파트.파이낸셜뉴스|18,,
|411||39|22104|121000028|서초동유원아파트|41|22009|121000009|신분당선강남역|47,,
|411||39|22104|121000028|서초동유원아파트|39|22104|121000028|서초동유원아파트|1,,
|411||39|22104|121000028|서초동유원아파트|40|22114|121000038|롯데칠성|3,,
|411||39|22104|121000028|서초동유원아파트|46|22294|121000218|매헌시민의숲|7,,
|411||39|22104|121000028|서초동유원아파트|47|22298|121000222|AT센터.양재꽃시장|3,,
|411||40|22114|121000038|롯데칠성|48|00000|121001340|염곡지하차도북측(가상)|1,,
|411||40|22114|121000038|롯데칠성|45|22001|121000001|말죽거리공원사거리|1,,
|411||40|22114|121000038|롯데칠성|44|22003|121000003|양재역.서초문화예술회관|2,,
|411||40|22114|121000038|롯데칠성|43|22005|121000005|뱅뱅사거리|7,,
|411||40|22114|121000038|롯데칠성|42|22007|121000007|래미안아파트.파이낸셜뉴스|6,,
|411||40|22114|121000038|롯데칠성|41|22009|121000009|신분당선강남역|4,,
|411||40|22114|121000038|롯데칠성|40|22114|121000038|롯데칠성|1,,
|411||40|22114|121000038|롯데칠성|46|22294|121000218|매헌시민의숲|2,,
|411||41|22009|121000009|신분당선강남역|48|00000|121001340|염곡지하차도북측(가상)|1,,
|411||41|22009|121000009|신분당선강남역|45|22001|121000001|말죽거리공원사거리|16,,
|411||41|22009|121000009|신분당선강남역|44|22003|121000003|양재역.서초문화예술회관|12,,
|411||41|22009|121000009|신분당선강남역|43|22005|121000005|뱅뱅사거리|8,,
|411||41|22009|121000009|신분당선강남역|42|22007|121000007|래미안아파트.파이낸셜뉴스|18,,
|411||41|22009|121000009|신분당선강남역|41|22009|121000009|신분당선강남역|2,,
|411||41|22009|121000009|신분당선강남역|46|22294|121000218|매헌시민의숲|8,,
|411||41|22009|121000009|신분당선강남역|47|22298|121000222|AT센터.양재꽃시장|9,,
|411||42|22007|121000007|래미안아파트.파이낸셜뉴스|48|00000|121001340|염곡지하차도북측(가상)|1,,
|411||42|22007|121000007|래미안아파트.파이낸셜뉴스|44|22003|121000003|양재역.서초문화예술회관|6,,
|411||42|22007|121000007|래미안아파트.파이낸셜뉴스|43|22005|121000005|뱅뱅사거리|5,,
|411||42|22007|121000007|래미안아파트.파이낸셜뉴스|42|22007|121000007|래미안아파트.파이낸셜뉴스|1,,
|411||42|22007|121000007|래미안아파트.파이낸셜뉴스|46|22294|121000218|매헌시민의숲|2,,
|411||42|22007|121000007|래미안아파트.파이낸셜뉴스|47|22298|121000222|AT센터.양재꽃시장|4,,
|411||43|22005|121000005|뱅뱅사거리|45|22001|121000001|말죽거리공원사거리|2,,
|411||43|22005|121000005|뱅뱅사거리|44|22003|121000003|양재역.서초문화예술회관|5,,
|411||43|22005|121000005|뱅뱅사거리|43|22005|121000005|뱅뱅사거리|1,,
|411||43|22005|121000005|뱅뱅사거리|46|22294|121000218|매헌시민의숲|3,,
|411||43|22005|121000005|뱅뱅사거리|47|22298|121000222|AT센터.양재꽃시장|1,,
|411||44|22003|121000003|양재역.서초문화예술회관|48|00000|121001340|염곡지하차도북측(가상)|2,,
|411||44|22003|121000003|양재역.서초문화예술회관|45|22001|121000001|말죽거리공원사거리|17,,
|411||44|22003|121000003|양재역.서초문화예술회관|44|22003|121000003|양재역.서초문화예술회관|7,,
|411||44|22003|121000003|양재역.서초문화예술회관|46|22294|121000218|매헌시민의숲|29,,
|411||44|22003|121000003|양재역.서초문화예술회관|47|22298|121000222|AT센터.양재꽃시장|16,,
|411||45|22001|121000001|말죽거리공원사거리|48|00000|121001340|염곡지하차도북측(가상)|1,,
|411||45|22001|121000001|말죽거리공원사거리|46|22294|121000218|매헌시민의숲|1,,
|411||46|22294|121000218|매헌시민의숲|48|00000|121001340|염곡지하차도북측(가상)|1,,
|411||49|22293|121000217|양재2동주민센터.양재꽃시장|79|03147|102000053|원효로3가|2,,
|411||49|22293|121000217|양재2동주민센터.양재꽃시장|71|03217|102000123|이촌동한가람아파트.이촌역|1,,
|411||49|22293|121000217|양재2동주민센터.양재꽃시장|70|03219|102000125|신용산초등학교|1,,
|411||49|22293|121000217|양재2동주민센터.양재꽃시장|69|03221|102000127|중경고등학교.이촌동강촌아파트|1,,
|411||49|22293|121000217|양재2동주민센터.양재꽃시장|89|03238|102000144|대한노인회중앙회|1,,
|411||49|22293|121000217|양재2동주민센터.양재꽃시장|76|03288|102000194|성촌공원.포르쉐센터용산|2,,
|411||49|22293|121000217|양재2동주민센터.양재꽃시장|75|03290|102000196|이촌2동주민센터|3,,
|411||49|22293|121000217|양재2동주민센터.양재꽃시장|73|03294|102000200|서부이촌동입구|1,,
|411||49|22293|121000217|양재2동주민센터.양재꽃시장|51|22002|121000002|말죽거리공원사거리|10,,
|411||49|22293|121000217|양재2동주민센터.양재꽃시장|52|22004|121000004|양재역.서초문화예술회관|33,,
|411||49|22293|121000217|양재2동주민센터.양재꽃시장|53|22006|121000006|뱅뱅사거리|9,,
|411||49|22293|121000217|양재2동주민센터.양재꽃시장|54|22008|121000008|래미안아파트.파이낸셜뉴스|13,,
|411||49|22293|121000217|양재2동주민센터.양재꽃시장|55|22010|121000010|신분당선강남역|12,,
|411||49|22293|121000217|양재2동주민센터.양재꽃시장|62|22019|121000019|고속터미널|10,,
|411||49|22293|121000217|양재2동주민센터.양재꽃시장|56|22168|121000092|서초동진흥아파트|7,,
|411||49|22293|121000217|양재2동주민센터.양재꽃시장|57|22169|121000093|서초동유원아파트|8,,
|411||49|22293|121000217|양재2동주민센터.양재꽃시장|58|22170|121000094|지하철2호선교대역4번출구|11,,
|411||49|22293|121000217|양재2동주민센터.양재꽃시장|59|22171|121000095|법조단지|10,,
|411||49|22293|121000217|양재2동주민센터.양재꽃시장|60|22197|121000121|디에이치반포라클라스|8,,
|411||49|22293|121000217|양재2동주민센터.양재꽃시장|61|22199|121000123|삼호가든사거리.반포도서관|5,,
|411||49|22293|121000217|양재2동주민센터.양재꽃시장|50|22295|121000219|언남고교|6,,
|411||50|22295|121000219|언남고교|79|03147|102000053|원효로3가|2,,
|411||50|22295|121000219|언남고교|71|03217|102000123|이촌동한가람아파트.이촌역|3,,
|411||50|22295|121000219|언남고교|67|03225|102000131|서빙고신동아아파트|1,,
|411||50|22295|121000219|언남고교|74|03292|102000198|이촌2동대림아파트.새남터성지|1,,
|411||50|22295|121000219|언남고교|51|22002|121000002|말죽거리공원사거리|5,,
|411||50|22295|121000219|언남고교|52|22004|121000004|양재역.서초문화예술회관|22,,
|411||50|22295|121000219|언남고교|53|22006|121000006|뱅뱅사거리|3,,
|411||50|22295|121000219|언남고교|54|22008|121000008|래미안아파트.파이낸셜뉴스|6,,
|411||50|22295|121000219|언남고교|55|22010|121000010|신분당선강남역|10,,
|411||50|22295|121000219|언남고교|62|22019|121000019|고속터미널|8,,
|411||50|22295|121000219|언남고교|63|22021|121000021|신반포역.세화여중고|1,,
|411||50|22295|121000219|언남고교|56|22168|121000092|서초동진흥아파트|4,,
|411||50|22295|121000219|언남고교|57|22169|121000093|서초동유원아파트|8,,
|411||50|22295|121000219|언남고교|58|22170|121000094|지하철2호선교대역4번출구|6,,
|411||50|22295|121000219|언남고교|59|22171|121000095|법조단지|1,,
|411||50|22295|121000219|언남고교|60|22197|121000121|디에이치반포라클라스|7,,
|411||50|22295|121000219|언남고교|61|22199|121000123|삼호가든사거리.반포도서관|2,,
|411||50|22295|121000219|언남고교|50|22295|121000219|언남고교|2,,
|411||51|22002|121000002|말죽거리공원사거리|72|03215|102000121|이촌동두산위브트레지움.한강대우아파트|1,,
|411||51|22002|121000002|말죽거리공원사거리|68|03223|102000129|이촌동현대아파트|2,,
|411||51|22002|121000002|말죽거리공원사거리|67|03225|102000131|서빙고신동아아파트|3,,
|411||51|22002|121000002|말죽거리공원사거리|87|03236|102000142|효창공원후문|1,,
|411||51|22002|121000002|말죽거리공원사거리|75|03290|102000196|이촌2동주민센터|1,,
|411||51|22002|121000002|말죽거리공원사거리|73|03294|102000200|서부이촌동입구|1,,
|411||51|22002|121000002|말죽거리공원사거리|78|03301|102000207|원효로풍전아파트|1,,
|411||51|22002|121000002|말죽거리공원사거리|51|22002|121000002|말죽거리공원사거리|8,,
|411||51|22002|121000002|말죽거리공원사거리|52|22004|121000004|양재역.서초문화예술회관|32,,
|411||51|22002|121000002|말죽거리공원사거리|53|22006|121000006|뱅뱅사거리|1,,
|411||51|22002|121000002|말죽거리공원사거리|54|22008|121000008|래미안아파트.파이낸셜뉴스|3,,
|411||51|22002|121000002|말죽거리공원사거리|55|22010|121000010|신분당선강남역|9,,
|411||51|22002|121000002|말죽거리공원사거리|62|22019|121000019|고속터미널|6,,
|411||51|22002|121000002|말죽거리공원사거리|63|22021|121000021|신반포역.세화여중고|3,,
|411||51|22002|121000002|말죽거리공원사거리|64|22023|121000023|구반포역.세화고등학교|1,,
|411||51|22002|121000002|말죽거리공원사거리|56|22168|121000092|서초동진흥아파트|5,,
|411||51|22002|121000002|말죽거리공원사거리|57|22169|121000093|서초동유원아파트|13,,
|411||51|22002|121000002|말죽거리공원사거리|58|22170|121000094|지하철2호선교대역4번출구|10,,
|411||51|22002|121000002|말죽거리공원사거리|59|22171|121000095|법조단지|8,,
|411||51|22002|121000002|말죽거리공원사거리|60|22197|121000121|디에이치반포라클라스|10,,
|411||51|22002|121000002|말죽거리공원사거리|61|22199|121000123|삼호가든사거리.반포도서관|5,,
|411||51|22002|121000002|말죽거리공원사거리|65|22397|121000315|동작대교전망카페|1,,
|411||52|22004|121000004|양재역.서초문화예술회관|72|03215|102000121|이촌동두산위브트레지움.한강대우아파트|2,,
|411||52|22004|121000004|양재역.서초문화예술회관|71|03217|102000123|이촌동한가람아파트.이촌역|1,,
|411||52|22004|121000004|양재역.서초문화예술회관|70|03219|102000125|신용산초등학교|2,,
|411||52|22004|121000004|양재역.서초문화예술회관|69|03221|102000127|중경고등학교.이촌동강촌아파트|2,,
|411||52|22004|121000004|양재역.서초문화예술회관|68|03223|102000129|이촌동현대아파트|5,,
|411||52|22004|121000004|양재역.서초문화예술회관|67|03225|102000131|서빙고신동아아파트|4,,
|411||52|22004|121000004|양재역.서초문화예술회관|75|03290|102000196|이촌2동주민센터|1,,
|411||52|22004|121000004|양재역.서초문화예술회관|73|03294|102000200|서부이촌동입구|1,,
|411||52|22004|121000004|양재역.서초문화예술회관|66|03325|102000231|서빙고역1번출구|1,,
|411||52|22004|121000004|양재역.서초문화예술회관|52|22004|121000004|양재역.서초문화예술회관|1,,
|411||52|22004|121000004|양재역.서초문화예술회관|53|22006|121000006|뱅뱅사거리|4,,
|411||52|22004|121000004|양재역.서초문화예술회관|54|22008|121000008|래미안아파트.파이낸셜뉴스|10,,
|411||52|22004|121000004|양재역.서초문화예술회관|55|22010|121000010|신분당선강남역|7,,
|411||52|22004|121000004|양재역.서초문화예술회관|62|22019|121000019|고속터미널|6,,
|411||52|22004|121000004|양재역.서초문화예술회관|63|22021|121000021|신반포역.세화여중고|4,,
|411||52|22004|121000004|양재역.서초문화예술회관|64|22023|121000023|구반포역.세화고등학교|2,,
|411||52|22004|121000004|양재역.서초문화예술회관|56|22168|121000092|서초동진흥아파트|11,,
|411||52|22004|121000004|양재역.서초문화예술회관|57|22169|121000093|서초동유원아파트|14,,
|411||52|22004|121000004|양재역.서초문화예술회관|58|22170|121000094|지하철2호선교대역4번출구|15,,
|411||52|22004|121000004|양재역.서초문화예술회관|59|22171|121000095|법조단지|16,,
|411||52|22004|121000004|양재역.서초문화예술회관|60|22197|121000121|디에이치반포라클라스|12,,
|411||52|22004|121000004|양재역.서초문화예술회관|61|22199|121000123|삼호가든사거리.반포도서관|6,,
|411||53|22006|121000006|뱅뱅사거리|79|03147|102000053|원효로3가|1,,
|411||53|22006|121000006|뱅뱅사거리|72|03215|102000121|이촌동두산위브트레지움.한강대우아파트|2,,
|411||53|22006|121000006|뱅뱅사거리|70|03219|102000125|신용산초등학교|1,,
|411||53|22006|121000006|뱅뱅사거리|68|03223|102000129|이촌동현대아파트|2,,
|411||53|22006|121000006|뱅뱅사거리|67|03225|102000131|서빙고신동아아파트|6,,
|411||53|22006|121000006|뱅뱅사거리|86|03235|102000141|숙명여대후문.이봉창활동터|1,,
|411||53|22006|121000006|뱅뱅사거리|76|03288|102000194|성촌공원.포르쉐센터용산|1,,
|411||53|22006|121000006|뱅뱅사거리|75|03290|102000196|이촌2동주민센터|1,,
|411||53|22006|121000006|뱅뱅사거리|74|03292|102000198|이촌2동대림아파트.새남터성지|2,,
|411||53|22006|121000006|뱅뱅사거리|78|03301|102000207|원효로풍전아파트|3,,
|411||53|22006|121000006|뱅뱅사거리|53|22006|121000006|뱅뱅사거리|3,,
|411||53|22006|121000006|뱅뱅사거리|54|22008|121000008|래미안아파트.파이낸셜뉴스|3,,
|411||53|22006|121000006|뱅뱅사거리|55|22010|121000010|신분당선강남역|5,,
|411||53|22006|121000006|뱅뱅사거리|62|22019|121000019|고속터미널|7,,
|411||53|22006|121000006|뱅뱅사거리|56|22168|121000092|서초동진흥아파트|10,,
|411||53|22006|121000006|뱅뱅사거리|57|22169|121000093|서초동유원아파트|13,,
|411||53|22006|121000006|뱅뱅사거리|58|22170|121000094|지하철2호선교대역4번출구|1,,
|411||53|22006|121000006|뱅뱅사거리|59|22171|121000095|법조단지|9,,
|411||53|22006|121000006|뱅뱅사거리|60|22197|121000121|디에이치반포라클라스|16,,
|411||53|22006|121000006|뱅뱅사거리|61|22199|121000123|삼호가든사거리.반포도서관|10,,
|411||54|22008|121000008|래미안아파트.파이낸셜뉴스|80|03145|102000051|원효로2가사거리|1,,
|411||54|22008|121000008|래미안아파트.파이낸셜뉴스|79|03147|102000053|원효로3가|1,,
|411||54|22008|121000008|래미안아파트.파이낸셜뉴스|72|03215|102000121|이촌동두산위브트레지움.한강대우아파트|1,,
|411||54|22008|121000008|래미안아파트.파이낸셜뉴스|71|03217|102000123|이촌동한가람아파트.이촌역|3,,
|411||54|22008|121000008|래미안아파트.파이낸셜뉴스|69|03221|102000127|중경고등학교.이촌동강촌아파트|1,,
|411||54|22008|121000008|래미안아파트.파이낸셜뉴스|68|03223|102000129|이촌동현대아파트|3,,
|411||54|22008|121000008|래미안아파트.파이낸셜뉴스|67|03225|102000131|서빙고신동아아파트|3,,
|411||54|22008|121000008|래미안아파트.파이낸셜뉴스|76|03288|102000194|성촌공원.포르쉐센터용산|3,,
|411||54|22008|121000008|래미안아파트.파이낸셜뉴스|75|03290|102000196|이촌2동주민센터|1,,
|411||54|22008|121000008|래미안아파트.파이낸셜뉴스|74|03292|102000198|이촌2동대림아파트.새남터성지|3,,
|411||54|22008|121000008|래미안아파트.파이낸셜뉴스|73|03294|102000200|서부이촌동입구|3,,
|411||54|22008|121000008|래미안아파트.파이낸셜뉴스|78|03301|102000207|원효로풍전아파트|2,,
|411||54|22008|121000008|래미안아파트.파이낸셜뉴스|66|03325|102000231|서빙고역1번출구|5,,
|411||54|22008|121000008|래미안아파트.파이낸셜뉴스|85|03344||효창공원삼거리.윤봉길의사등묘역|1,,
|411||54|22008|121000008|래미안아파트.파이낸셜뉴스|54|22008|121000008|래미안아파트.파이낸셜뉴스|2,,
|411||54|22008|121000008|래미안아파트.파이낸셜뉴스|55|22010|121000010|신분당선강남역|8,,
|411||54|22008|121000008|래미안아파트.파이낸셜뉴스|62|22019|121000019|고속터미널|19,,
|411||54|22008|121000008|래미안아파트.파이낸셜뉴스|63|22021|121000021|신반포역.세화여중고|1,,
|411||54|22008|121000008|래미안아파트.파이낸셜뉴스|56|22168|121000092|서초동진흥아파트|14,,
|411||54|22008|121000008|래미안아파트.파이낸셜뉴스|57|22169|121000093|서초동유원아파트|22,,
|411||54|22008|121000008|래미안아파트.파이낸셜뉴스|58|22170|121000094|지하철2호선교대역4번출구|18,,
|411||54|22008|121000008|래미안아파트.파이낸셜뉴스|59|22171|121000095|법조단지|22,,
|411||54|22008|121000008|래미안아파트.파이낸셜뉴스|60|22197|121000121|디에이치반포라클라스|24,,
|411||54|22008|121000008|래미안아파트.파이낸셜뉴스|61|22199|121000123|삼호가든사거리.반포도서관|15,,
|411||54|22008|121000008|래미안아파트.파이낸셜뉴스|65|22397|121000315|동작대교전망카페|1,,
|411||55|22010|121000010|신분당선강남역|80|03145|102000051|원효로2가사거리|2,,
|411||55|22010|121000010|신분당선강남역|79|03147|102000053|원효로3가|1,,
|411||55|22010|121000010|신분당선강남역|72|03215|102000121|이촌동두산위브트레지움.한강대우아파트|3,,
|411||55|22010|121000010|신분당선강남역|71|03217|102000123|이촌동한가람아파트.이촌역|4,,
|411||55|22010|121000010|신분당선강남역|70|03219|102000125|신용산초등학교|5,,
|411||55|22010|121000010|신분당선강남역|69|03221|102000127|중경고등학교.이촌동강촌아파트|4,,
|411||55|22010|121000010|신분당선강남역|68|03223|102000129|이촌동현대아파트|19,,
|411||55|22010|121000010|신분당선강남역|67|03225|102000131|서빙고신동아아파트|11,,
|411||55|22010|121000010|신분당선강남역|86|03235|102000141|숙명여대후문.이봉창활동터|1,,
|411||55|22010|121000010|신분당선강남역|87|03236|102000142|효창공원후문|3,,
|411||55|22010|121000010|신분당선강남역|77|03287|102000193|이촌119안전센터.성촌공원|1,,
|411||55|22010|121000010|신분당선강남역|76|03288|102000194|성촌공원.포르쉐센터용산|2,,
|411||55|22010|121000010|신분당선강남역|75|03290|102000196|이촌2동주민센터|4,,
|411||55|22010|121000010|신분당선강남역|74|03292|102000198|이촌2동대림아파트.새남터성지|8,,
|411||55|22010|121000010|신분당선강남역|73|03294|102000200|서부이촌동입구|5,,
|411||55|22010|121000010|신분당선강남역|78|03301|102000207|원효로풍전아파트|1,,
|411||55|22010|121000010|신분당선강남역|66|03325|102000231|서빙고역1번출구|3,,
|411||55|22010|121000010|신분당선강남역|55|22010|121000010|신분당선강남역|1,,
|411||55|22010|121000010|신분당선강남역|62|22019|121000019|고속터미널|36,,
|411||55|22010|121000010|신분당선강남역|63|22021|121000021|신반포역.세화여중고|9,,
|411||55|22010|121000010|신분당선강남역|64|22023|121000023|구반포역.세화고등학교|1,,
|411||55|22010|121000010|신분당선강남역|56|22168|121000092|서초동진흥아파트|5,,
|411||55|22010|121000010|신분당선강남역|57|22169|121000093|서초동유원아파트|37,,
|411||55|22010|121000010|신분당선강남역|58|22170|121000094|지하철2호선교대역4번출구|29,,
|411||55|22010|121000010|신분당선강남역|59|22171|121000095|법조단지|39,,
|411||55|22010|121000010|신분당선강남역|60|22197|121000121|디에이치반포라클라스|56,,
|411||55|22010|121000010|신분당선강남역|61|22199|121000123|삼호가든사거리.반포도서관|23,,
|411||56|22168|121000092|서초동진흥아파트|81|03143|102000049|남정초등학교|1,,
|411||56|22168|121000092|서초동진흥아파트|82|03181|102000087|용산꿈나무종합타운.보건분소|1,,
|411||56|22168|121000092|서초동진흥아파트|72|03215|102000121|이촌동두산위브트레지움.한강대우아파트|1,,
|411||56|22168|121000092|서초동진흥아파트|71|03217|102000123|이촌동한가람아파트.이촌역|2,,
|411||56|22168|121000092|서초동진흥아파트|70|03219|102000125|신용산초등학교|1,,
|411||56|22168|121000092|서초동진흥아파트|69|03221|102000127|중경고등학교.이촌동강촌아파트|1,,
|411||56|22168|121000092|서초동진흥아파트|68|03223|102000129|이촌동현대아파트|2,,
|411||56|22168|121000092|서초동진흥아파트|67|03225|102000131|서빙고신동아아파트|4,,
|411||56|22168|121000092|서초동진흥아파트|84|03240|102000146|효창동주민센터.금양초등학교|1,,
|411||56|22168|121000092|서초동진흥아파트|74|03292|102000198|이촌2동대림아파트.새남터성지|3,,
|411||56|22168|121000092|서초동진흥아파트|73|03294|102000200|서부이촌동입구|1,,
|411||56|22168|121000092|서초동진흥아파트|66|03325|102000231|서빙고역1번출구|2,,
|411||56|22168|121000092|서초동진흥아파트|62|22019|121000019|고속터미널|15,,
|411||56|22168|121000092|서초동진흥아파트|63|22021|121000021|신반포역.세화여중고|3,,
|411||56|22168|121000092|서초동진흥아파트|64|22023|121000023|구반포역.세화고등학교|1,,
|411||56|22168|121000092|서초동진흥아파트|57|22169|121000093|서초동유원아파트|9,,
|411||56|22168|121000092|서초동진흥아파트|58|22170|121000094|지하철2호선교대역4번출구|15,,
|411||56|22168|121000092|서초동진흥아파트|59|22171|121000095|법조단지|12,,
|411||56|22168|121000092|서초동진흥아파트|60|22197|121000121|디에이치반포라클라스|43,,
|411||56|22168|121000092|서초동진흥아파트|61|22199|121000123|삼호가든사거리.반포도서관|12,,
|411||57|22169|121000093|서초동유원아파트|79|03147|102000053|원효로3가|1,,
|411||57|22169|121000093|서초동유원아파트|72|03215|102000121|이촌동두산위브트레지움.한강대우아파트|2,,
|411||57|22169|121000093|서초동유원아파트|70|03219|102000125|신용산초등학교|1,,
|411||57|22169|121000093|서초동유원아파트|68|03223|102000129|이촌동현대아파트|1,,
|411||57|22169|121000093|서초동유원아파트|67|03225|102000131|서빙고신동아아파트|1,,
|411||57|22169|121000093|서초동유원아파트|89|03238|102000144|대한노인회중앙회|1,,
|411||57|22169|121000093|서초동유원아파트|84|03240|102000146|효창동주민센터.금양초등학교|1,,
|411||57|22169|121000093|서초동유원아파트|74|03292|102000198|이촌2동대림아파트.새남터성지|1,,
|411||57|22169|121000093|서초동유원아파트|73|03294|102000200|서부이촌동입구|2,,
|411||57|22169|121000093|서초동유원아파트|66|03325|102000231|서빙고역1번출구|1,,
|411||57|22169|121000093|서초동유원아파트|62|22019|121000019|고속터미널|38,,
|411||57|22169|121000093|서초동유원아파트|63|22021|121000021|신반포역.세화여중고|6,,
|411||57|22169|121000093|서초동유원아파트|64|22023|121000023|구반포역.세화고등학교|1,,
|411||57|22169|121000093|서초동유원아파트|57|22169|121000093|서초동유원아파트|15,,
|411||57|22169|121000093|서초동유원아파트|58|22170|121000094|지하철2호선교대역4번출구|25,,
|411||57|22169|121000093|서초동유원아파트|59|22171|121000095|법조단지|8,,
|411||57|22169|121000093|서초동유원아파트|60|22197|121000121|디에이치반포라클라스|6,,
|411||57|22169|121000093|서초동유원아파트|61|22199|121000123|삼호가든사거리.반포도서관|16,,
|411||58|22170|121000094|지하철2호선교대역4번출구|96|03121||용산역3번출구.용산차고지|1,,
|411||58|22170|121000094|지하철2호선교대역4번출구|79|03147|102000053|원효로3가|1,,
|411||58|22170|121000094|지하철2호선교대역4번출구|72|03215|102000121|이촌동두산위브트레지움.한강대우아파트|1,,
|411||58|22170|121000094|지하철2호선교대역4번출구|71|03217|102000123|이촌동한가람아파트.이촌역|3,,
|411||58|22170|121000094|지하철2호선교대역4번출구|70|03219|102000125|신용산초등학교|5,,
|411||58|22170|121000094|지하철2호선교대역4번출구|68|03223|102000129|이촌동현대아파트|9,,
|411||58|22170|121000094|지하철2호선교대역4번출구|67|03225|102000131|서빙고신동아아파트|7,,
|411||58|22170|121000094|지하철2호선교대역4번출구|77|03287|102000193|이촌119안전센터.성촌공원|2,,
|411||58|22170|121000094|지하철2호선교대역4번출구|76|03288|102000194|성촌공원.포르쉐센터용산|1,,
|411||58|22170|121000094|지하철2호선교대역4번출구|75|03290|102000196|이촌2동주민센터|4,,
|411||58|22170|121000094|지하철2호선교대역4번출구|74|03292|102000198|이촌2동대림아파트.새남터성지|2,,
|411||58|22170|121000094|지하철2호선교대역4번출구|73|03294|102000200|서부이촌동입구|7,,
|411||58|22170|121000094|지하철2호선교대역4번출구|78|03301|102000207|원효로풍전아파트|1,,
|411||58|22170|121000094|지하철2호선교대역4번출구|66|03325|102000231|서빙고역1번출구|2,,
|411||58|22170|121000094|지하철2호선교대역4번출구|62|22019|121000019|고속터미널|22,,
|411||58|22170|121000094|지하철2호선교대역4번출구|63|22021|121000021|신반포역.세화여중고|8,,
|411||58|22170|121000094|지하철2호선교대역4번출구|64|22023|121000023|구반포역.세화고등학교|2,,
|411||58|22170|121000094|지하철2호선교대역4번출구|58|22170|121000094|지하철2호선교대역4번출구|8,,
|411||58|22170|121000094|지하철2호선교대역4번출구|59|22171|121000095|법조단지|44,,
|411||58|22170|121000094|지하철2호선교대역4번출구|60|22197|121000121|디에이치반포라클라스|98,,
|411||58|22170|121000094|지하철2호선교대역4번출구|61|22199|121000123|삼호가든사거리.반포도서관|36,,
|411||59|22171|121000095|법조단지|79|03147|102000053|원효로3가|2,,
|411||59|22171|121000095|법조단지|71|03217|102000123|이촌동한가람아파트.이촌역|1,,
|411||59|22171|121000095|법조단지|70|03219|102000125|신용산초등학교|3,,
|411||59|22171|121000095|법조단지|69|03221|102000127|중경고등학교.이촌동강촌아파트|3,,
|411||59|22171|121000095|법조단지|68|03223|102000129|이촌동현대아파트|2,,
|411||59|22171|121000095|법조단지|67|03225|102000131|서빙고신동아아파트|2,,
|411||59|22171|121000095|법조단지|74|03292|102000198|이촌2동대림아파트.새남터성지|4,,
|411||59|22171|121000095|법조단지|73|03294|102000200|서부이촌동입구|2,,
|411||59|22171|121000095|법조단지|66|03325|102000231|서빙고역1번출구|2,,
|411||59|22171|121000095|법조단지|85|03344||효창공원삼거리.윤봉길의사등묘역|1,,
|411||59|22171|121000095|법조단지|62|22019|121000019|고속터미널|33,,
|411||59|22171|121000095|법조단지|63|22021|121000021|신반포역.세화여중고|6,,
|411||59|22171|121000095|법조단지|64|22023|121000023|구반포역.세화고등학교|1,,
|411||59|22171|121000095|법조단지|59|22171|121000095|법조단지|1,,
|411||59|22171|121000095|법조단지|60|22197|121000121|디에이치반포라클라스|14,,
|411||59|22171|121000095|법조단지|61|22199|121000123|삼호가든사거리.반포도서관|13,,
|411||60|22197|121000121|디에이치반포라클라스|80|03145|102000051|원효로2가사거리|1,,
|411||60|22197|121000121|디에이치반포라클라스|79|03147|102000053|원효로3가|2,,
|411||60|22197|121000121|디에이치반포라클라스|72|03215|102000121|이촌동두산위브트레지움.한강대우아파트|1,,
|411||60|22197|121000121|디에이치반포라클라스|71|03217|102000123|이촌동한가람아파트.이촌역|2,,
|411||60|22197|121000121|디에이치반포라클라스|70|03219|102000125|신용산초등학교|3,,
|411||60|22197|121000121|디에이치반포라클라스|69|03221|102000127|중경고등학교.이촌동강촌아파트|1,,
|411||60|22197|121000121|디에이치반포라클라스|68|03223|102000129|이촌동현대아파트|6,,
|411||60|22197|121000121|디에이치반포라클라스|67|03225|102000131|서빙고신동아아파트|3,,
|411||60|22197|121000121|디에이치반포라클라스|76|03288|102000194|성촌공원.포르쉐센터용산|1,,
|411||60|22197|121000121|디에이치반포라클라스|74|03292|102000198|이촌2동대림아파트.새남터성지|1,,
|411||60|22197|121000121|디에이치반포라클라스|73|03294|102000200|서부이촌동입구|2,,
|411||60|22197|121000121|디에이치반포라클라스|66|03325|102000231|서빙고역1번출구|9,,
|411||60|22197|121000121|디에이치반포라클라스|85|03344||효창공원삼거리.윤봉길의사등묘역|1,,
|411||60|22197|121000121|디에이치반포라클라스|62|22019|121000019|고속터미널|137,,
|411||60|22197|121000121|디에이치반포라클라스|63|22021|121000021|신반포역.세화여중고|13,,
|411||60|22197|121000121|디에이치반포라클라스|64|22023|121000023|구반포역.세화고등학교|4,,
|411||60|22197|121000121|디에이치반포라클라스|60|22197|121000121|디에이치반포라클라스|2,,
|411||60|22197|121000121|디에이치반포라클라스|61|22199|121000123|삼호가든사거리.반포도서관|14,,
|411||60|22197|121000121|디에이치반포라클라스|65|22397|121000315|동작대교전망카페|1,,
|411||61|22199|121000123|삼호가든사거리.반포도서관|72|03215|102000121|이촌동두산위브트레지움.한강대우아파트|1,,
|411||61|22199|121000123|삼호가든사거리.반포도서관|71|03217|102000123|이촌동한가람아파트.이촌역|6,,
|411||61|22199|121000123|삼호가든사거리.반포도서관|70|03219|102000125|신용산초등학교|11,,
|411||61|22199|121000123|삼호가든사거리.반포도서관|69|03221|102000127|중경고등학교.이촌동강촌아파트|5,,
|411||61|22199|121000123|삼호가든사거리.반포도서관|68|03223|102000129|이촌동현대아파트|9,,
|411||61|22199|121000123|삼호가든사거리.반포도서관|67|03225|102000131|서빙고신동아아파트|8,,
|411||61|22199|121000123|삼호가든사거리.반포도서관|76|03288|102000194|성촌공원.포르쉐센터용산|2,,
|411||61|22199|121000123|삼호가든사거리.반포도서관|75|03290|102000196|이촌2동주민센터|2,,
|411||61|22199|121000123|삼호가든사거리.반포도서관|74|03292|102000198|이촌2동대림아파트.새남터성지|1,,
|411||61|22199|121000123|삼호가든사거리.반포도서관|73|03294|102000200|서부이촌동입구|3,,
|411||61|22199|121000123|삼호가든사거리.반포도서관|78|03301|102000207|원효로풍전아파트|2,,
|411||61|22199|121000123|삼호가든사거리.반포도서관|66|03325|102000231|서빙고역1번출구|10,,
|411||61|22199|121000123|삼호가든사거리.반포도서관|85|03344||효창공원삼거리.윤봉길의사등묘역|1,,
|411||61|22199|121000123|삼호가든사거리.반포도서관|62|22019|121000019|고속터미널|273,,
|411||61|22199|121000123|삼호가든사거리.반포도서관|63|22021|121000021|신반포역.세화여중고|46,,
|411||61|22199|121000123|삼호가든사거리.반포도서관|64|22023|121000023|구반포역.세화고등학교|6,,
|411||61|22199|121000123|삼호가든사거리.반포도서관|61|22199|121000123|삼호가든사거리.반포도서관|16,,
|411||61|22199|121000123|삼호가든사거리.반포도서관|65|22397|121000315|동작대교전망카페|1,,
|411||62|22019|121000019|고속터미널|81|03143|102000049|남정초등학교|1,,
|411||62|22019|121000019|고속터미널|80|03145|102000051|원효로2가사거리|5,,
|411||62|22019|121000019|고속터미널|79|03147|102000053|원효로3가|7,,
|411||62|22019|121000019|고속터미널|83|03179|102000085|효창공원앞역.이봉창역사울림관|2,,
|411||62|22019|121000019|고속터미널|82|03181|102000087|용산꿈나무종합타운.보건분소|1,,
|411||62|22019|121000019|고속터미널|72|03215|102000121|이촌동두산위브트레지움.한강대우아파트|19,,
|411||62|22019|121000019|고속터미널|71|03217|102000123|이촌동한가람아파트.이촌역|32,,
|411||62|22019|121000019|고속터미널|70|03219|102000125|신용산초등학교|41,,
|411||62|22019|121000019|고속터미널|69|03221|102000127|중경고등학교.이촌동강촌아파트|17,,
|411||62|22019|121000019|고속터미널|68|03223|102000129|이촌동현대아파트|92,,
|411||62|22019|121000019|고속터미널|67|03225|102000131|서빙고신동아아파트|99,,
|411||62|22019|121000019|고속터미널|86|03235|102000141|숙명여대후문.이봉창활동터|5,,
|411||62|22019|121000019|고속터미널|87|03236|102000142|효창공원후문|3,,
|411||62|22019|121000019|고속터미널|88|03237|102000143|한겨레신문사입구|4,,
|411||62|22019|121000019|고속터미널|89|03238|102000144|대한노인회중앙회|1,,
|411||62|22019|121000019|고속터미널|77|03287|102000193|이촌119안전센터.성촌공원|1,,
|411||62|22019|121000019|고속터미널|76|03288|102000194|성촌공원.포르쉐센터용산|14,,
|411||62|22019|121000019|고속터미널|75|03290|102000196|이촌2동주민센터|16,,
|411||62|22019|121000019|고속터미널|74|03292|102000198|이촌2동대림아파트.새남터성지|38,,
|411||62|22019|121000019|고속터미널|73|03294|102000200|서부이촌동입구|37,,
|411||62|22019|121000019|고속터미널|78|03301|102000207|원효로풍전아파트|12,,
|411||62|22019|121000019|고속터미널|66|03325|102000231|서빙고역1번출구|70,,
|411||62|22019|121000019|고속터미널|85|03344||효창공원삼거리.윤봉길의사등묘역|20,,
|411||62|22019|121000019|고속터미널|62|22019|121000019|고속터미널|8,,
|411||62|22019|121000019|고속터미널|63|22021|121000021|신반포역.세화여중고|26,,
|411||62|22019|121000019|고속터미널|64|22023|121000023|구반포역.세화고등학교|3,,
|411||62|22019|121000019|고속터미널|65|22397|121000315|동작대교전망카페|18,,
|411||63|22021|121000021|신반포역.세화여중고|81|03143|102000049|남정초등학교|1,,
|411||63|22021|121000021|신반포역.세화여중고|80|03145|102000051|원효로2가사거리|2,,
|411||63|22021|121000021|신반포역.세화여중고|79|03147|102000053|원효로3가|3,,
|411||63|22021|121000021|신반포역.세화여중고|82|03181|102000087|용산꿈나무종합타운.보건분소|2,,
|411||63|22021|121000021|신반포역.세화여중고|72|03215|102000121|이촌동두산위브트레지움.한강대우아파트|4,,
|411||63|22021|121000021|신반포역.세화여중고|71|03217|102000123|이촌동한가람아파트.이촌역|10,,
|411||63|22021|121000021|신반포역.세화여중고|70|03219|102000125|신용산초등학교|11,,
|411||63|22021|121000021|신반포역.세화여중고|69|03221|102000127|중경고등학교.이촌동강촌아파트|12,,
|411||63|22021|121000021|신반포역.세화여중고|68|03223|102000129|이촌동현대아파트|27,,
|411||63|22021|121000021|신반포역.세화여중고|67|03225|102000131|서빙고신동아아파트|15,,
|411||63|22021|121000021|신반포역.세화여중고|86|03235|102000141|숙명여대후문.이봉창활동터|3,,
|411||63|22021|121000021|신반포역.세화여중고|87|03236|102000142|효창공원후문|2,,
|411||63|22021|121000021|신반포역.세화여중고|84|03240|102000146|효창동주민센터.금양초등학교|4,,
|411||63|22021|121000021|신반포역.세화여중고|77|03287|102000193|이촌119안전센터.성촌공원|1,,
|411||63|22021|121000021|신반포역.세화여중고|76|03288|102000194|성촌공원.포르쉐센터용산|2,,
|411||63|22021|121000021|신반포역.세화여중고|75|03290|102000196|이촌2동주민센터|3,,
|411||63|22021|121000021|신반포역.세화여중고|74|03292|102000198|이촌2동대림아파트.새남터성지|5,,
|411||63|22021|121000021|신반포역.세화여중고|73|03294|102000200|서부이촌동입구|8,,
|411||63|22021|121000021|신반포역.세화여중고|78|03301|102000207|원효로풍전아파트|3,,
|411||63|22021|121000021|신반포역.세화여중고|66|03325|102000231|서빙고역1번출구|35,,
|411||63|22021|121000021|신반포역.세화여중고|85|03344||효창공원삼거리.윤봉길의사등묘역|14,,
|411||63|22021|121000021|신반포역.세화여중고|65|22397|121000315|동작대교전망카페|1,,
|411||64|22023|121000023|구반포역.세화고등학교|79|03147|102000053|원효로3가|1,,
|411||64|22023|121000023|구반포역.세화고등학교|71|03217|102000123|이촌동한가람아파트.이촌역|4,,
|411||64|22023|121000023|구반포역.세화고등학교|70|03219|102000125|신용산초등학교|4,,
|411||64|22023|121000023|구반포역.세화고등학교|69|03221|102000127|중경고등학교.이촌동강촌아파트|5,,
|411||64|22023|121000023|구반포역.세화고등학교|68|03223|102000129|이촌동현대아파트|10,,
|411||64|22023|121000023|구반포역.세화고등학교|67|03225|102000131|서빙고신동아아파트|11,,
|411||64|22023|121000023|구반포역.세화고등학교|84|03240|102000146|효창동주민센터.금양초등학교|3,,
|411||64|22023|121000023|구반포역.세화고등학교|76|03288|102000194|성촌공원.포르쉐센터용산|1,,
|411||64|22023|121000023|구반포역.세화고등학교|75|03290|102000196|이촌2동주민센터|2,,
|411||64|22023|121000023|구반포역.세화고등학교|74|03292|102000198|이촌2동대림아파트.새남터성지|1,,
|411||64|22023|121000023|구반포역.세화고등학교|73|03294|102000200|서부이촌동입구|4,,
|411||64|22023|121000023|구반포역.세화고등학교|78|03301|102000207|원효로풍전아파트|3,,
|411||64|22023|121000023|구반포역.세화고등학교|66|03325|102000231|서빙고역1번출구|15,,
|411||64|22023|121000023|구반포역.세화고등학교|85|03344||효창공원삼거리.윤봉길의사등묘역|8,,
|411||64|22023|121000023|구반포역.세화고등학교|65|22397|121000315|동작대교전망카페|5,,
|411||65|22397|121000315|동작대교전망카페|70|03219|102000125|신용산초등학교|2,,
|411||65|22397|121000315|동작대교전망카페|75|03290|102000196|이촌2동주민센터|1,,
|411||65|22397|121000315|동작대교전망카페|74|03292|102000198|이촌2동대림아파트.새남터성지|1,,
|411||65|22397|121000315|동작대교전망카페|66|03325|102000231|서빙고역1번출구|3,,
|411||66|03325|102000231|서빙고역1번출구|80|03145|102000051|원효로2가사거리|1,,
|411||66|03325|102000231|서빙고역1번출구|70|03219|102000125|신용산초등학교|3,,
|411||66|03325|102000231|서빙고역1번출구|68|03223|102000129|이촌동현대아파트|9,,
|411||66|03325|102000231|서빙고역1번출구|67|03225|102000131|서빙고신동아아파트|16,,
|411||66|03325|102000231|서빙고역1번출구|76|03288|102000194|성촌공원.포르쉐센터용산|1,,
|411||66|03325|102000231|서빙고역1번출구|75|03290|102000196|이촌2동주민센터|4,,
|411||66|03325|102000231|서빙고역1번출구|74|03292|102000198|이촌2동대림아파트.새남터성지|1,,
|411||66|03325|102000231|서빙고역1번출구|73|03294|102000200|서부이촌동입구|1,,
|411||66|03325|102000231|서빙고역1번출구|78|03301|102000207|원효로풍전아파트|1,,
|411||66|03325|102000231|서빙고역1번출구|66|03325|102000231|서빙고역1번출구|4,,
|411||66|03325|102000231|서빙고역1번출구|85|03344||효창공원삼거리.윤봉길의사등묘역|1,,
|411||67|03225|102000131|서빙고신동아아파트|81|03143|102000049|남정초등학교|1,,
|411||67|03225|102000131|서빙고신동아아파트|80|03145|102000051|원효로2가사거리|5,,
|411||67|03225|102000131|서빙고신동아아파트|79|03147|102000053|원효로3가|5,,
|411||67|03225|102000131|서빙고신동아아파트|83|03179|102000085|효창공원앞역.이봉창역사울림관|5,,
|411||67|03225|102000131|서빙고신동아아파트|82|03181|102000087|용산꿈나무종합타운.보건분소|2,,
|411||67|03225|102000131|서빙고신동아아파트|72|03215|102000121|이촌동두산위브트레지움.한강대우아파트|10,,
|411||67|03225|102000131|서빙고신동아아파트|71|03217|102000123|이촌동한가람아파트.이촌역|20,,
|411||67|03225|102000131|서빙고신동아아파트|70|03219|102000125|신용산초등학교|27,,
|411||67|03225|102000131|서빙고신동아아파트|69|03221|102000127|중경고등학교.이촌동강촌아파트|10,,
|411||67|03225|102000131|서빙고신동아아파트|68|03223|102000129|이촌동현대아파트|16,,
|411||67|03225|102000131|서빙고신동아아파트|67|03225|102000131|서빙고신동아아파트|1,,
|411||67|03225|102000131|서빙고신동아아파트|88|03237|102000143|한겨레신문사입구|1,,
|411||67|03225|102000131|서빙고신동아아파트|84|03240|102000146|효창동주민센터.금양초등학교|1,,
|411||67|03225|102000131|서빙고신동아아파트|75|03290|102000196|이촌2동주민센터|2,,
|411||67|03225|102000131|서빙고신동아아파트|73|03294|102000200|서부이촌동입구|6,,
|411||67|03225|102000131|서빙고신동아아파트|78|03301|102000207|원효로풍전아파트|4,,
|411||67|03225|102000131|서빙고신동아아파트|85|03344||효창공원삼거리.윤봉길의사등묘역|2,,
|411||68|03223|102000129|이촌동현대아파트|81|03143|102000049|남정초등학교|4,,
|411||68|03223|102000129|이촌동현대아파트|80|03145|102000051|원효로2가사거리|11,,
|411||68|03223|102000129|이촌동현대아파트|79|03147|102000053|원효로3가|4,,
|411||68|03223|102000129|이촌동현대아파트|83|03179|102000085|효창공원앞역.이봉창역사울림관|4,,
|411||68|03223|102000129|이촌동현대아파트|82|03181|102000087|용산꿈나무종합타운.보건분소|2,,
|411||68|03223|102000129|이촌동현대아파트|72|03215|102000121|이촌동두산위브트레지움.한강대우아파트|7,,
|411||68|03223|102000129|이촌동현대아파트|71|03217|102000123|이촌동한가람아파트.이촌역|33,,
|411||68|03223|102000129|이촌동현대아파트|70|03219|102000125|신용산초등학교|20,,
|411||68|03223|102000129|이촌동현대아파트|69|03221|102000127|중경고등학교.이촌동강촌아파트|11,,
|411||68|03223|102000129|이촌동현대아파트|86|03235|102000141|숙명여대후문.이봉창활동터|1,,
|411||68|03223|102000129|이촌동현대아파트|88|03237|102000143|한겨레신문사입구|1,,
|411||68|03223|102000129|이촌동현대아파트|89|03238|102000144|대한노인회중앙회|1,,
|411||68|03223|102000129|이촌동현대아파트|84|03240|102000146|효창동주민센터.금양초등학교|2,,
|411||68|03223|102000129|이촌동현대아파트|77|03287|102000193|이촌119안전센터.성촌공원|2,,
|411||68|03223|102000129|이촌동현대아파트|76|03288|102000194|성촌공원.포르쉐센터용산|1,,
|411||68|03223|102000129|이촌동현대아파트|75|03290|102000196|이촌2동주민센터|6,,
|411||68|03223|102000129|이촌동현대아파트|74|03292|102000198|이촌2동대림아파트.새남터성지|5,,
|411||68|03223|102000129|이촌동현대아파트|73|03294|102000200|서부이촌동입구|14,,
|411||68|03223|102000129|이촌동현대아파트|78|03301|102000207|원효로풍전아파트|12,,
|411||68|03223|102000129|이촌동현대아파트|85|03344||효창공원삼거리.윤봉길의사등묘역|9,,
|411||69|03221|102000127|중경고등학교.이촌동강촌아파트|96|03121||용산역3번출구.용산차고지|1,,
|411||69|03221|102000127|중경고등학교.이촌동강촌아파트|81|03143|102000049|남정초등학교|4,,
|411||69|03221|102000127|중경고등학교.이촌동강촌아파트|80|03145|102000051|원효로2가사거리|3,,
|411||69|03221|102000127|중경고등학교.이촌동강촌아파트|79|03147|102000053|원효로3가|5,,
|411||69|03221|102000127|중경고등학교.이촌동강촌아파트|83|03179|102000085|효창공원앞역.이봉창역사울림관|5,,
|411||69|03221|102000127|중경고등학교.이촌동강촌아파트|82|03181|102000087|용산꿈나무종합타운.보건분소|12,,
|411||69|03221|102000127|중경고등학교.이촌동강촌아파트|72|03215|102000121|이촌동두산위브트레지움.한강대우아파트|11,,
|411||69|03221|102000127|중경고등학교.이촌동강촌아파트|71|03217|102000123|이촌동한가람아파트.이촌역|21,,
|411||69|03221|102000127|중경고등학교.이촌동강촌아파트|70|03219|102000125|신용산초등학교|10,,
|411||69|03221|102000127|중경고등학교.이촌동강촌아파트|69|03221|102000127|중경고등학교.이촌동강촌아파트|2,,
|411||69|03221|102000127|중경고등학교.이촌동강촌아파트|86|03235|102000141|숙명여대후문.이봉창활동터|1,,
|411||69|03221|102000127|중경고등학교.이촌동강촌아파트|88|03237|102000143|한겨레신문사입구|1,,
|411||69|03221|102000127|중경고등학교.이촌동강촌아파트|84|03240|102000146|효창동주민센터.금양초등학교|1,,
|411||69|03221|102000127|중경고등학교.이촌동강촌아파트|77|03287|102000193|이촌119안전센터.성촌공원|4,,
|411||69|03221|102000127|중경고등학교.이촌동강촌아파트|76|03288|102000194|성촌공원.포르쉐센터용산|2,,
|411||69|03221|102000127|중경고등학교.이촌동강촌아파트|75|03290|102000196|이촌2동주민센터|6,,
|411||69|03221|102000127|중경고등학교.이촌동강촌아파트|74|03292|102000198|이촌2동대림아파트.새남터성지|10,,
|411||69|03221|102000127|중경고등학교.이촌동강촌아파트|73|03294|102000200|서부이촌동입구|11,,
|411||69|03221|102000127|중경고등학교.이촌동강촌아파트|78|03301|102000207|원효로풍전아파트|6,,
|411||69|03221|102000127|중경고등학교.이촌동강촌아파트|85|03344||효창공원삼거리.윤봉길의사등묘역|13,,
|411||70|03219|102000125|신용산초등학교|81|03143|102000049|남정초등학교|4,,
|411||70|03219|102000125|신용산초등학교|80|03145|102000051|원효로2가사거리|6,,
|411||70|03219|102000125|신용산초등학교|79|03147|102000053|원효로3가|5,,
|411||70|03219|102000125|신용산초등학교|82|03181|102000087|용산꿈나무종합타운.보건분소|8,,
|411||70|03219|102000125|신용산초등학교|72|03215|102000121|이촌동두산위브트레지움.한강대우아파트|12,,
|411||70|03219|102000125|신용산초등학교|71|03217|102000123|이촌동한가람아파트.이촌역|4,,
|411||70|03219|102000125|신용산초등학교|70|03219|102000125|신용산초등학교|1,,
|411||70|03219|102000125|신용산초등학교|86|03235|102000141|숙명여대후문.이봉창활동터|2,,
|411||70|03219|102000125|신용산초등학교|87|03236|102000142|효창공원후문|1,,
|411||70|03219|102000125|신용산초등학교|89|03238|102000144|대한노인회중앙회|1,,
|411||70|03219|102000125|신용산초등학교|84|03240|102000146|효창동주민센터.금양초등학교|1,,
|411||70|03219|102000125|신용산초등학교|77|03287|102000193|이촌119안전센터.성촌공원|2,,
|411||70|03219|102000125|신용산초등학교|76|03288|102000194|성촌공원.포르쉐센터용산|6,,
|411||70|03219|102000125|신용산초등학교|75|03290|102000196|이촌2동주민센터|14,,
|411||70|03219|102000125|신용산초등학교|74|03292|102000198|이촌2동대림아파트.새남터성지|13,,
|411||70|03219|102000125|신용산초등학교|73|03294|102000200|서부이촌동입구|28,,
|411||70|03219|102000125|신용산초등학교|78|03301|102000207|원효로풍전아파트|6,,
|411||70|03219|102000125|신용산초등학교|85|03344||효창공원삼거리.윤봉길의사등묘역|8,,
|411||71|03217|102000123|이촌동한가람아파트.이촌역|81|03143|102000049|남정초등학교|8,,
|411||71|03217|102000123|이촌동한가람아파트.이촌역|80|03145|102000051|원효로2가사거리|5,,
|411||71|03217|102000123|이촌동한가람아파트.이촌역|79|03147|102000053|원효로3가|11,,
|411||71|03217|102000123|이촌동한가람아파트.이촌역|83|03179|102000085|효창공원앞역.이봉창역사울림관|5,,
|411||71|03217|102000123|이촌동한가람아파트.이촌역|82|03181|102000087|용산꿈나무종합타운.보건분소|8,,
|411||71|03217|102000123|이촌동한가람아파트.이촌역|72|03215|102000121|이촌동두산위브트레지움.한강대우아파트|32,,
|411||71|03217|102000123|이촌동한가람아파트.이촌역|71|03217|102000123|이촌동한가람아파트.이촌역|10,,
|411||71|03217|102000123|이촌동한가람아파트.이촌역|86|03235|102000141|숙명여대후문.이봉창활동터|1,,
|411||71|03217|102000123|이촌동한가람아파트.이촌역|87|03236|102000142|효창공원후문|1,,
|411||71|03217|102000123|이촌동한가람아파트.이촌역|88|03237|102000143|한겨레신문사입구|1,,
|411||71|03217|102000123|이촌동한가람아파트.이촌역|84|03240|102000146|효창동주민센터.금양초등학교|2,,
|411||71|03217|102000123|이촌동한가람아파트.이촌역|77|03287|102000193|이촌119안전센터.성촌공원|5,,
|411||71|03217|102000123|이촌동한가람아파트.이촌역|76|03288|102000194|성촌공원.포르쉐센터용산|12,,
|411||71|03217|102000123|이촌동한가람아파트.이촌역|75|03290|102000196|이촌2동주민센터|31,,
|411||71|03217|102000123|이촌동한가람아파트.이촌역|74|03292|102000198|이촌2동대림아파트.새남터성지|40,,
|411||71|03217|102000123|이촌동한가람아파트.이촌역|73|03294|102000200|서부이촌동입구|53,,
|411||71|03217|102000123|이촌동한가람아파트.이촌역|78|03301|102000207|원효로풍전아파트|13,,
|411||71|03217|102000123|이촌동한가람아파트.이촌역|85|03344||효창공원삼거리.윤봉길의사등묘역|6,,
|411||72|03215|102000121|이촌동두산위브트레지움.한강대우아파트|81|03143|102000049|남정초등학교|6,,
|411||72|03215|102000121|이촌동두산위브트레지움.한강대우아파트|80|03145|102000051|원효로2가사거리|7,,
|411||72|03215|102000121|이촌동두산위브트레지움.한강대우아파트|79|03147|102000053|원효로3가|9,,
|411||72|03215|102000121|이촌동두산위브트레지움.한강대우아파트|83|03179|102000085|효창공원앞역.이봉창역사울림관|3,,
|411||72|03215|102000121|이촌동두산위브트레지움.한강대우아파트|82|03181|102000087|용산꿈나무종합타운.보건분소|6,,
|411||72|03215|102000121|이촌동두산위브트레지움.한강대우아파트|72|03215|102000121|이촌동두산위브트레지움.한강대우아파트|4,,
|411||72|03215|102000121|이촌동두산위브트레지움.한강대우아파트|86|03235|102000141|숙명여대후문.이봉창활동터|3,,
|411||72|03215|102000121|이촌동두산위브트레지움.한강대우아파트|89|03238|102000144|대한노인회중앙회|1,,
|411||72|03215|102000121|이촌동두산위브트레지움.한강대우아파트|84|03240|102000146|효창동주민센터.금양초등학교|1,,
|411||72|03215|102000121|이촌동두산위브트레지움.한강대우아파트|77|03287|102000193|이촌119안전센터.성촌공원|1,,
|411||72|03215|102000121|이촌동두산위브트레지움.한강대우아파트|76|03288|102000194|성촌공원.포르쉐센터용산|5,,
|411||72|03215|102000121|이촌동두산위브트레지움.한강대우아파트|75|03290|102000196|이촌2동주민센터|15,,
|411||72|03215|102000121|이촌동두산위브트레지움.한강대우아파트|74|03292|102000198|이촌2동대림아파트.새남터성지|8,,
|411||72|03215|102000121|이촌동두산위브트레지움.한강대우아파트|73|03294|102000200|서부이촌동입구|15,,
|411||72|03215|102000121|이촌동두산위브트레지움.한강대우아파트|78|03301|102000207|원효로풍전아파트|12,,
|411||72|03215|102000121|이촌동두산위브트레지움.한강대우아파트|85|03344||효창공원삼거리.윤봉길의사등묘역|8,,
|411||73|03294|102000200|서부이촌동입구|81|03143|102000049|남정초등학교|8,,
|411||73|03294|102000200|서부이촌동입구|80|03145|102000051|원효로2가사거리|7,,
|411||73|03294|102000200|서부이촌동입구|79|03147|102000053|원효로3가|15,,
|411||73|03294|102000200|서부이촌동입구|83|03179|102000085|효창공원앞역.이봉창역사울림관|13,,
|411||73|03294|102000200|서부이촌동입구|82|03181|102000087|용산꿈나무종합타운.보건분소|14,,
|411||73|03294|102000200|서부이촌동입구|86|03235|102000141|숙명여대후문.이봉창활동터|7,,
|411||73|03294|102000200|서부이촌동입구|87|03236|102000142|효창공원후문|2,,
|411||73|03294|102000200|서부이촌동입구|89|03238|102000144|대한노인회중앙회|3,,
|411||73|03294|102000200|서부이촌동입구|84|03240|102000146|효창동주민센터.금양초등학교|7,,
|411||73|03294|102000200|서부이촌동입구|76|03288|102000194|성촌공원.포르쉐센터용산|11,,
|411||73|03294|102000200|서부이촌동입구|75|03290|102000196|이촌2동주민센터|13,,
|411||73|03294|102000200|서부이촌동입구|74|03292|102000198|이촌2동대림아파트.새남터성지|10,,
|411||73|03294|102000200|서부이촌동입구|73|03294|102000200|서부이촌동입구|2,,
|411||73|03294|102000200|서부이촌동입구|78|03301|102000207|원효로풍전아파트|7,,
|411||73|03294|102000200|서부이촌동입구|85|03344||효창공원삼거리.윤봉길의사등묘역|10,,
|411||74|03292|102000198|이촌2동대림아파트.새남터성지|81|03143|102000049|남정초등학교|9,,
|411||74|03292|102000198|이촌2동대림아파트.새남터성지|80|03145|102000051|원효로2가사거리|15,,
|411||74|03292|102000198|이촌2동대림아파트.새남터성지|79|03147|102000053|원효로3가|6,,
|411||74|03292|102000198|이촌2동대림아파트.새남터성지|83|03179|102000085|효창공원앞역.이봉창역사울림관|21,,
|411||74|03292|102000198|이촌2동대림아파트.새남터성지|82|03181|102000087|용산꿈나무종합타운.보건분소|10,,
|411||74|03292|102000198|이촌2동대림아파트.새남터성지|86|03235|102000141|숙명여대후문.이봉창활동터|2,,
|411||74|03292|102000198|이촌2동대림아파트.새남터성지|89|03238|102000144|대한노인회중앙회|1,,
|411||74|03292|102000198|이촌2동대림아파트.새남터성지|84|03240|102000146|효창동주민센터.금양초등학교|3,,
|411||74|03292|102000198|이촌2동대림아파트.새남터성지|77|03287|102000193|이촌119안전센터.성촌공원|1,,
|411||74|03292|102000198|이촌2동대림아파트.새남터성지|76|03288|102000194|성촌공원.포르쉐센터용산|2,,
|411||74|03292|102000198|이촌2동대림아파트.새남터성지|75|03290|102000196|이촌2동주민센터|4,,
|411||74|03292|102000198|이촌2동대림아파트.새남터성지|74|03292|102000198|이촌2동대림아파트.새남터성지|1,,
|411||74|03292|102000198|이촌2동대림아파트.새남터성지|78|03301|102000207|원효로풍전아파트|9,,
|411||74|03292|102000198|이촌2동대림아파트.새남터성지|85|03344||효창공원삼거리.윤봉길의사등묘역|3,,
|411||75|03290|102000197|이촌2동주민센터|81|03143|102000049|남정초등학교|15,,
|411||75|03290|102000197|이촌2동주민센터|80|03145|102000051|원효로2가사거리|9,,
|411||75|03290|102000197|이촌2동주민센터|79|03147|102000053|원효로3가|11,,
|411||75|03290|102000197|이촌2동주민센터|83|03179|102000085|효창공원앞역.이봉창역사울림관|14,,
|411||75|03290|102000197|이촌2동주민센터|82|03181|102000087|용산꿈나무종합타운.보건분소|28,,
|411||75|03290|102000197|이촌2동주민센터|86|03235|102000141|숙명여대후문.이봉창활동터|5,,
|411||75|03290|102000197|이촌2동주민센터|87|03236|102000142|효창공원후문|2,,
|411||75|03290|102000197|이촌2동주민센터|88|03237|102000143|한겨레신문사입구|2,,
|411||75|03290|102000197|이촌2동주민센터|84|03240|102000146|효창동주민센터.금양초등학교|1,,
|411||75|03290|102000197|이촌2동주민센터|77|03287|102000193|이촌119안전센터.성촌공원|1,,
|411||75|03290|102000197|이촌2동주민센터|75|03290|102000196|이촌2동주민센터|3,,
|411||75|03290|102000197|이촌2동주민센터|78|03301|102000207|원효로풍전아파트|8,,
|411||75|03290|102000197|이촌2동주민센터|85|03344||효창공원삼거리.윤봉길의사등묘역|13,,
|411||76|03288|102000195|성촌공원.포르쉐센터용산|80|03145|102000051|원효로2가사거리|2,,
|411||76|03288|102000195|성촌공원.포르쉐센터용산|79|03147|102000053|원효로3가|1,,
|411||76|03288|102000195|성촌공원.포르쉐센터용산|83|03179|102000085|효창공원앞역.이봉창역사울림관|6,,
|411||76|03288|102000195|성촌공원.포르쉐센터용산|82|03181|102000087|용산꿈나무종합타운.보건분소|2,,
|411||76|03288|102000195|성촌공원.포르쉐센터용산|86|03235|102000141|숙명여대후문.이봉창활동터|1,,
|411||76|03288|102000195|성촌공원.포르쉐센터용산|77|03287|102000193|이촌119안전센터.성촌공원|1,,
|411||76|03288|102000195|성촌공원.포르쉐센터용산|85|03344||효창공원삼거리.윤봉길의사등묘역|3,,
|411||77|03287|102000193|이촌119안전센터.성촌공원|81|03143|102000049|남정초등학교|4,,
|411||77|03287|102000193|이촌119안전센터.성촌공원|80|03145|102000051|원효로2가사거리|1,,
|411||77|03287|102000193|이촌119안전센터.성촌공원|79|03147|102000053|원효로3가|1,,
|411||77|03287|102000193|이촌119안전센터.성촌공원|83|03179|102000085|효창공원앞역.이봉창역사울림관|4,,
|411||77|03287|102000193|이촌119안전센터.성촌공원|82|03181|102000087|용산꿈나무종합타운.보건분소|10,,
|411||77|03287|102000193|이촌119안전센터.성촌공원|86|03235|102000141|숙명여대후문.이봉창활동터|2,,
|411||77|03287|102000193|이촌119안전센터.성촌공원|84|03240|102000146|효창동주민센터.금양초등학교|1,,
|411||77|03287|102000193|이촌119안전센터.성촌공원|78|03301|102000207|원효로풍전아파트|2,,
|411||77|03287|102000193|이촌119안전센터.성촌공원|85|03344||효창공원삼거리.윤봉길의사등묘역|4,,
|411||78|03301|102000207|원효로풍전아파트|81|03143|102000049|남정초등학교|3,,
|411||78|03301|102000207|원효로풍전아파트|80|03145|102000051|원효로2가사거리|5,,
|411||78|03301|102000207|원효로풍전아파트|79|03147|102000053|원효로3가|2,,
|411||78|03301|102000207|원효로풍전아파트|83|03179|102000085|효창공원앞역.이봉창역사울림관|28,,
|411||78|03301|102000207|원효로풍전아파트|82|03181|102000087|용산꿈나무종합타운.보건분소|14,,
|411||78|03301|102000207|원효로풍전아파트|86|03235|102000141|숙명여대후문.이봉창활동터|4,,
|411||78|03301|102000207|원효로풍전아파트|87|03236|102000142|효창공원후문|1,,
|411||78|03301|102000207|원효로풍전아파트|89|03238|102000144|대한노인회중앙회|1,,
|411||78|03301|102000207|원효로풍전아파트|90|03239|102000145|효창운동장.효창동주민센터|1,,
|411||78|03301|102000207|원효로풍전아파트|84|03240|102000146|효창동주민센터.금양초등학교|5,,
|411||78|03301|102000207|원효로풍전아파트|85|03344||효창공원삼거리.윤봉길의사등묘역|22,,
|411||79|03147|102000053|원효로3가|81|03143|102000049|남정초등학교|3,,
|411||79|03147|102000053|원효로3가|80|03145|102000051|원효로2가사거리|2,,
|411||79|03147|102000053|원효로3가|83|03179|102000085|효창공원앞역.이봉창역사울림관|19,,
|411||79|03147|102000053|원효로3가|82|03181|102000087|용산꿈나무종합타운.보건분소|8,,
|411||79|03147|102000053|원효로3가|86|03235|102000141|숙명여대후문.이봉창활동터|13,,
|411||79|03147|102000053|원효로3가|87|03236|102000142|효창공원후문|2,,
|411||79|03147|102000053|원효로3가|88|03237|102000143|한겨레신문사입구|4,,
|411||79|03147|102000053|원효로3가|89|03238|102000144|대한노인회중앙회|1,,
|411||79|03147|102000053|원효로3가|84|03240|102000146|효창동주민센터.금양초등학교|8,,
|411||79|03147|102000053|원효로3가|85|03344||효창공원삼거리.윤봉길의사등묘역|6,,
|411||80|03145|102000051|원효로2가사거리|81|03143|102000049|남정초등학교|2,,
|411||80|03145|102000051|원효로2가사거리|83|03179|102000085|효창공원앞역.이봉창역사울림관|1,,
|411||80|03145|102000051|원효로2가사거리|82|03181|102000087|용산꿈나무종합타운.보건분소|1,,
|411||80|03145|102000051|원효로2가사거리|86|03235|102000141|숙명여대후문.이봉창활동터|1,,
|411||80|03145|102000051|원효로2가사거리|87|03236|102000142|효창공원후문|1,,
|411||80|03145|102000051|원효로2가사거리|89|03238|102000144|대한노인회중앙회|2,,
|411||80|03145|102000051|원효로2가사거리|84|03240|102000146|효창동주민센터.금양초등학교|1,,
|411||80|03145|102000051|원효로2가사거리|85|03344||효창공원삼거리.윤봉길의사등묘역|2,,
|411||81|03143|102000049|남정초등학교|83|03179|102000085|효창공원앞역.이봉창역사울림관|14,,
|411||81|03143|102000049|남정초등학교|82|03181|102000087|용산꿈나무종합타운.보건분소|6,,
|411||81|03143|102000049|남정초등학교|86|03235|102000141|숙명여대후문.이봉창활동터|7,,
|411||81|03143|102000049|남정초등학교|87|03236|102000142|효창공원후문|3,,
|411||81|03143|102000049|남정초등학교|88|03237|102000143|한겨레신문사입구|8,,
|411||81|03143|102000049|남정초등학교|89|03238|102000144|대한노인회중앙회|2,,
|411||81|03143|102000049|남정초등학교|90|03239|102000145|효창운동장.효창동주민센터|2,,
|411||81|03143|102000049|남정초등학교|84|03240|102000146|효창동주민센터.금양초등학교|2,,
|411||81|03143|102000049|남정초등학교|85|03344||효창공원삼거리.윤봉길의사등묘역|11,,
|411||82|03181|102000087|용산꿈나무종합타운.보건분소|83|03179|102000085|효창공원앞역.이봉창역사울림관|11,,
|411||82|03181|102000087|용산꿈나무종합타운.보건분소|82|03181|102000087|용산꿈나무종합타운.보건분소|2,,
|411||82|03181|102000087|용산꿈나무종합타운.보건분소|86|03235|102000141|숙명여대후문.이봉창활동터|34,,
|411||82|03181|102000087|용산꿈나무종합타운.보건분소|87|03236|102000142|효창공원후문|7,,
|411||82|03181|102000087|용산꿈나무종합타운.보건분소|88|03237|102000143|한겨레신문사입구|5,,
|411||82|03181|102000087|용산꿈나무종합타운.보건분소|89|03238|102000144|대한노인회중앙회|7,,
|411||82|03181|102000087|용산꿈나무종합타운.보건분소|84|03240|102000146|효창동주민센터.금양초등학교|5,,
|411||82|03181|102000087|용산꿈나무종합타운.보건분소|85|03344||효창공원삼거리.윤봉길의사등묘역|36,,
|411||83|03179|102000085|효창공원앞역.이봉창역사울림관|83|03179|102000085|효창공원앞역.이봉창역사울림관|12,,
|411||83|03179|102000085|효창공원앞역.이봉창역사울림관|93|03182|102000088|용산꿈나무종합타운.보건분소|1,,
|411||83|03179|102000085|효창공원앞역.이봉창역사울림관|86|03235|102000141|숙명여대후문.이봉창활동터|204,,
|411||83|03179|102000085|효창공원앞역.이봉창역사울림관|87|03236|102000142|효창공원후문|38,,
|411||83|03179|102000085|효창공원앞역.이봉창역사울림관|88|03237|102000143|한겨레신문사입구|47,,
|411||83|03179|102000085|효창공원앞역.이봉창역사울림관|89|03238|102000144|대한노인회중앙회|38,,
|411||83|03179|102000085|효창공원앞역.이봉창역사울림관|84|03240|102000146|효창동주민센터.금양초등학교|48,,
|411||83|03179|102000085|효창공원앞역.이봉창역사울림관|85|03344||효창공원삼거리.윤봉길의사등묘역|315,,
|411||84|03240|102000146|효창동주민센터.금양초등학교|86|03235|102000141|숙명여대후문.이봉창활동터|15,,
|411||84|03240|102000146|효창동주민센터.금양초등학교|87|03236|102000142|효창공원후문|2,,
|411||84|03240|102000146|효창동주민센터.금양초등학교|88|03237|102000143|한겨레신문사입구|3,,
|411||84|03240|102000146|효창동주민센터.금양초등학교|89|03238|102000144|대한노인회중앙회|4,,
|411||84|03240|102000146|효창동주민센터.금양초등학교|84|03240|102000146|효창동주민센터.금양초등학교|2,,
|411||84|03240|102000146|효창동주민센터.금양초등학교|85|03344||효창공원삼거리.윤봉길의사등묘역|7,,
|411||85|03344||효창공원삼거리.윤봉길의사등묘역|96|03121||용산역3번출구.용산차고지|5,,
|411||85|03344||효창공원삼거리.윤봉길의사등묘역|94|03144|102000050|원효로2가|3,,
|411||85|03344||효창공원삼거리.윤봉길의사등묘역|92|03180|102000086|효창공원앞역.이봉창역사울림관|47,,
|411||85|03344||효창공원삼거리.윤봉길의사등묘역|93|03182|102000088|용산꿈나무종합타운.보건분소|2,,
|411||85|03344||효창공원삼거리.윤봉길의사등묘역|86|03235|102000141|숙명여대후문.이봉창활동터|1,,
|411||85|03344||효창공원삼거리.윤봉길의사등묘역|88|03237|102000143|한겨레신문사입구|1,,
|411||85|03344||효창공원삼거리.윤봉길의사등묘역|89|03238|102000144|대한노인회중앙회|1,,
|411||85|03344||효창공원삼거리.윤봉길의사등묘역|90|03239|102000145|효창운동장.효창동주민센터|3,,
|411||85|03344||효창공원삼거리.윤봉길의사등묘역|91|03241|102000147|금양초등학교|10,,
|411||85|03344||효창공원삼거리.윤봉길의사등묘역|95|03250|102000156|용산전자상가입구|1,,
|411||86|03235|102000141|숙명여대후문.이봉창활동터|96|03121||용산역3번출구.용산차고지|3,,
|411||86|03235|102000141|숙명여대후문.이봉창활동터|94|03144|102000050|원효로2가|2,,
|411||86|03235|102000141|숙명여대후문.이봉창활동터|92|03180|102000086|효창공원앞역.이봉창역사울림관|84,,
|411||86|03235|102000141|숙명여대후문.이봉창활동터|93|03182|102000088|용산꿈나무종합타운.보건분소|3,,
|411||86|03235|102000141|숙명여대후문.이봉창활동터|88|03237|102000143|한겨레신문사입구|1,,
|411||86|03235|102000141|숙명여대후문.이봉창활동터|89|03238|102000144|대한노인회중앙회|2,,
|411||86|03235|102000141|숙명여대후문.이봉창활동터|90|03239|102000145|효창운동장.효창동주민센터|4,,
|411||86|03235|102000141|숙명여대후문.이봉창활동터|91|03241|102000147|금양초등학교|23,,
|411||86|03235|102000141|숙명여대후문.이봉창활동터|95|03250|102000156|용산전자상가입구|3,,
|411||87|03236|102000142|효창공원후문|96|03121||용산역3번출구.용산차고지|3,,
|411||87|03236|102000142|효창공원후문|94|03144|102000050|원효로2가|4,,
|411||87|03236|102000142|효창공원후문|92|03180|102000086|효창공원앞역.이봉창역사울림관|28,,
|411||87|03236|102000142|효창공원후문|88|03237|102000143|한겨레신문사입구|1,,
|411||87|03236|102000142|효창공원후문|89|03238|102000144|대한노인회중앙회|2,,
|411||87|03236|102000142|효창공원후문|90|03239|102000145|효창운동장.효창동주민센터|6,,
|411||87|03236|102000142|효창공원후문|91|03241|102000147|금양초등학교|4,,
|411||87|03236|102000142|효창공원후문|95|03250|102000156|용산전자상가입구|4,,
|411||88|03237|102000143|한겨레신문사입구|96|03121||용산역3번출구.용산차고지|2,,
|411||88|03237|102000143|한겨레신문사입구|92|03180|102000086|효창공원앞역.이봉창역사울림관|6,,
|411||88|03237|102000143|한겨레신문사입구|93|03182|102000088|용산꿈나무종합타운.보건분소|1,,
|411||88|03237|102000143|한겨레신문사입구|88|03237|102000143|한겨레신문사입구|1,,
|411||88|03237|102000143|한겨레신문사입구|95|03250|102000156|용산전자상가입구|1,,
|411||89|03238|102000144|대한노인회중앙회|96|03121||용산역3번출구.용산차고지|4,,
|411||89|03238|102000144|대한노인회중앙회|92|03180|102000086|효창공원앞역.이봉창역사울림관|14,,
|411||89|03238|102000144|대한노인회중앙회|93|03182|102000088|용산꿈나무종합타운.보건분소|2,,
|411||89|03238|102000144|대한노인회중앙회|89|03238|102000144|대한노인회중앙회|1,,
|411||89|03238|102000144|대한노인회중앙회|90|03239|102000145|효창운동장.효창동주민센터|4,,
|411||89|03238|102000144|대한노인회중앙회|91|03241|102000147|금양초등학교|2,,
|411||89|03238|102000144|대한노인회중앙회|95|03250|102000156|용산전자상가입구|1,,
|411||90|03239|102000145|효창운동장.효창동주민센터|96|03121||용산역3번출구.용산차고지|2,,
|411||90|03239|102000145|효창운동장.효창동주민센터|94|03144|102000050|원효로2가|3,,
|411||90|03239|102000145|효창운동장.효창동주민센터|92|03180|102000086|효창공원앞역.이봉창역사울림관|7,,
|411||90|03239|102000145|효창운동장.효창동주민센터|93|03182|102000088|용산꿈나무종합타운.보건분소|2,,
|411||90|03239|102000145|효창운동장.효창동주민센터|91|03241|102000147|금양초등학교|1,,
|411||90|03239|102000145|효창운동장.효창동주민센터|95|03250|102000156|용산전자상가입구|1,,
|411||91|03241|102000147|금양초등학교|96|03121||용산역3번출구.용산차고지|2,,
|411||91|03241|102000147|금양초등학교|94|03144|102000050|원효로2가|4,,
|411||91|03241|102000147|금양초등학교|92|03180|102000086|효창공원앞역.이봉창역사울림관|4,,
|411||91|03241|102000147|금양초등학교|93|03182|102000088|용산꿈나무종합타운.보건분소|1,,
|411||91|03241|102000147|금양초등학교|95|03250|102000156|용산전자상가입구|2,,
|411||92|03180|102000086|효창공원앞역.이봉창역사울림관|96|03121||용산역3번출구.용산차고지|9,,
|411||92|03180|102000086|효창공원앞역.이봉창역사울림관|94|03144|102000050|원효로2가|8,,
|411||92|03180|102000086|효창공원앞역.이봉창역사울림관|93|03182|102000088|용산꿈나무종합타운.보건분소|4,,
|411||92|03180|102000086|효창공원앞역.이봉창역사울림관|95|03250|102000156|용산전자상가입구|7,,
|411||93|03182|102000088|용산꿈나무종합타운.보건분소|96|03121||용산역3번출구.용산차고지|2,,
|411||93|03182|102000088|용산꿈나무종합타운.보건분소|94|03144|102000050|원효로2가|1,,
|411||93|03182|102000088|용산꿈나무종합타운.보건분소|95|03250|102000156|용산전자상가입구|2,,
|411||94|03144|102000050|원효로2가|96|03121||용산역3번출구.용산차고지|3,,
|411||95|03250|102000156|용산전자상가입구|96|03121||용산역3번출구.용산차고지|4,,
|411||95|03250|102000156|용산전자상가입구|95|03250|102000156|용산전자상가입구|2,,
|411||96|03121||용산역3번출구.용산차고지|96|03121||용산역3번출구.용산차고지|1,,
|2221||57|05175|104000082|NH농협은행자양로지점|60|05183|104000090|자양미소약국.자양골목시장|14,,
|2221||57|05175|104000082|NH농협은행자양로지점|59|05185|104000092|자양동우체국.중앙농협|41,,
|2221||57|05175|104000082|NH농협은행자양로지점|58|05188|104000095|자양동잠실대교북단|21,,
|2221||57|05175|104000082|NH농협은행자양로지점|61|05209|104000116|신자초등학교앞|16,,
|2221||58|05188|104000095|자양동잠실대교북단|60|05183|104000090|자양미소약국.자양골목시장|13,,
|2221||58|05188|104000095|자양동잠실대교북단|59|05185|104000092|자양동우체국.중앙농협|13,,
|2221||58|05188|104000095|자양동잠실대교북단|58|05188|104000095|자양동잠실대교북단|7,,
|2221||58|05188|104000095|자양동잠실대교북단|61|05209|104000116|신자초등학교앞|5,,
|2221||59|05185|104000092|자양동우체국.중앙농협|60|05183|104000090|자양미소약국.자양골목시장|8,,
|2221||59|05185|104000092|자양동우체국.중앙농협|59|05185|104000092|자양동우체국.중앙농협|3,,
|2221||59|05185|104000092|자양동우체국.중앙농협|61|05209|104000116|신자초등학교앞|9,,
|2221||60|05183|104000090|자양미소약국.자양골목시장|60|05183|104000090|자양미소약국.자양골목시장|1,,
|2221||60|05183|104000090|자양미소약국.자양골목시장|61|05209|104000116|신자초등학교앞|4,,
|4319||77|21027|120000672|사당자동차학원|78|21163|120000061|남태령역|1,,
|4319||78|21163|120000061|남태령역|78|21163|120000061|남태령역|1,,
|6514||||277102436|양천공영차고지(기점가상)|||277102436|양천공영차고지(기점가상)|1,,
|6616||77|38075|213000246|철산우성아파트|79|38073|213000505|세풍운수종점|1,,
|672||||277102436|김포교통(기점가상)|||277102436|김포교통(기점가상)|1,,
|674||57|16328|115000231|강서한방병원|58|15371|114000265|신월동기점|3,,
|702A|||12143|111000055|선진운수종점||12143|111000055|선진운수종점|7,,
|702A|||12143|111000055|선진운수종점|||277102436||6,,
|702B|||12143|111000055|선진운수종점||12143|111000055|선진운수종점|4,,
|702B|||12143|111000055|선진운수종점|77|35048|218000554|원흥주유소|1,,
|702B|||12143|111000055|선진운수종점|||277102436||2,,
|707|||12143|111000055|선진운수종점||12143|111000055|선진운수종점|2,,
|707|||12143|111000055|선진운수종점|||277102436||3,,
|8101||47|09010|108000010|도봉세무서.성암국제무역고|51|09002|108000002|수유3동우체국|1,,
|8146||74|23259|122000156|선릉역|76|23251|122000148|한국무역센터.삼성역|1,,
|8146||87|05235|104000142|송정동서울숲아이파크|113|11373|110000272|중계역|1,,
|8146||106|11103|110000003|태릉입구역4번출구|126|10130|109000045|서울북부지방법원.검찰청.성우아파트|1,,
|8146||110|11417|110000316|하계미성아파트|116|11255|110000155|노원역5번출구.상계주공6단지|1,,
|8146||116|11255|110000155|노원역5번출구.상계주공6단지|119|11180|110000080|상계주공9단지|1,,
|8442출근||13|22779|121001313|네이처힐.호반써밋서초파크.파크뷰|15|22605|121000983|서초호반써밋|1,,
|8641||67|23221|122000118|단대부고.대치아이파크아파트|71|23214|122000111|선릉역8번출구.선정릉|1,,
|8641||73|23138|122000038|아크로힐스논현|73|23138|122000038|아크로힐스논현|1,,
|8641||85|20130|119000037|비계|87|20124|119000031|흑석동효사정앞|1,,
|8641||91|20008|119000008|현대아파트.유한양행|103|17115|116000029|대림역|1,,
|8661||10|17361|116000628|푸른수목원|11|17362|116000629|항동복합행정센터|1,,
|8773||40|14016|113000414|홍대입구역|42|14015|113000422|홍대입구역|2,,
|Jan-01||1|47017|206000245|푸른마을|12|03161|102000067|서울시중부기술교육원.블루스퀘어|66,,
|Jan-01||1|47017|206000245|푸른마을|11|03163|102000069|순천향대학병원|43,,
|Jan-01||1|47017|206000245|푸른마을|13|03164|102000070|순천향대학병원|2,,
|Jan-01||1|47017|206000245|푸른마을|10|23850|102000308|한남대교(가상)|3,,
|Jan-01||1|47017|206000245|푸른마을|2|47054|206000319|효자촌|6,,
|Jan-01||1|47017|206000245|푸른마을|3|47105|206000613|이매촌한신.서현역.AK프라자|8,,
|Jan-01||1|47017|206000245|푸른마을|4|47631|206000530|성남역.백현마을2단지|2,,
|Jan-01||1|47017|206000245|푸른마을|5|47632|206000531|백현마을1단지|8,,
|Jan-01||1|47017|206000245|푸른마을|6|47638|206000532|판교역.낙생육교.현대백화점|15,,
|Jan-01||2|47054|206000319|효자촌|12|03161|102000067|서울시중부기술교육원.블루스퀘어|102,,
|Jan-01||2|47054|206000319|효자촌|11|03163|102000069|순천향대학병원|110,,
|Jan-01||2|47054|206000319|효자촌|13|03164|102000070|순천향대학병원|4,,
|Jan-01||2|47054|206000319|효자촌|10|23850|102000308|한남대교(가상)|6,,
|Jan-01||2|47054|206000319|효자촌|2|47054|206000319|효자촌|1,,
|Jan-01||2|47054|206000319|효자촌|3|47105|206000613|이매촌한신.서현역.AK프라자|14,,
|Jan-01||2|47054|206000319|효자촌|4|47631|206000530|성남역.백현마을2단지|3,,
|Jan-01||2|47054|206000319|효자촌|5|47632|206000531|백현마을1단지|10,,
|Jan-01||2|47054|206000319|효자촌|6|47638|206000532|판교역.낙생육교.현대백화점|30,,
|Jan-01||3|47105|206000613|이매촌한신.서현역.AK프라자|12|03161|102000067|서울시중부기술교육원.블루스퀘어|82,,
|Jan-01||3|47105|206000613|이매촌한신.서현역.AK프라자|11|03163|102000069|순천향대학병원|59,,
|Jan-01||3|47105|206000613|이매촌한신.서현역.AK프라자|10|23850|102000308|한남대교(가상)|2,,
|Jan-01||3|47105|206000613|이매촌한신.서현역.AK프라자|4|47631|206000530|성남역.백현마을2단지|1,,
|Jan-01||3|47105|206000613|이매촌한신.서현역.AK프라자|6|47638|206000532|판교역.낙생육교.현대백화점|8,,
|Jan-01||4|47631|206000530|성남역.백현마을2단지|12|03161|102000067|서울시중부기술교육원.블루스퀘어|23,,
|Jan-01||4|47631|206000530|성남역.백현마을2단지|11|03163|102000069|순천향대학병원|28,,
|Jan-01||4|47631|206000530|성남역.백현마을2단지|10|23850|102000308|한남대교(가상)|1,,
|Jan-01||4|47631|206000530|성남역.백현마을2단지|18|47633|206000535|판교역.낙생육교.현대백화점|1,,
|Jan-01||4|47631|206000530|성남역.백현마을2단지|6|47638|206000532|판교역.낙생육교.현대백화점|1,,
|Jan-01||5|47632|206000531|백현마을1단지|12|03161|102000067|서울시중부기술교육원.블루스퀘어|11,,
|Jan-01||5|47632|206000531|백현마을1단지|11|03163|102000069|순천향대학병원|14,,
|Jan-01||5|47632|206000531|백현마을1단지|10|23850|102000308|한남대교(가상)|1,,
|Jan-01||5|47632|206000531|백현마을1단지|5|47632|206000531|백현마을1단지|1,,
|Jan-01||6|47638|206000532|판교역.낙생육교.현대백화점|12|03161|102000067|서울시중부기술교육원.블루스퀘어|181,,
|Jan-01||6|47638|206000532|판교역.낙생육교.현대백화점|11|03163|102000069|순천향대학병원|97,,
|Jan-01||6|47638|206000532|판교역.낙생육교.현대백화점|13|03164|102000070|순천향대학병원|1,,
|Jan-01||6|47638|206000532|판교역.낙생육교.현대백화점|10|23850|102000308|한남대교(가상)|3,,
|Jan-01||6|47638|206000532|판교역.낙생육교.현대백화점|18|47633|206000535|판교역.낙생육교.현대백화점|1,,
|Jan-01||11|03163|102000069|순천향대학병원|12|03161|102000067|서울시중부기술교육원.블루스퀘어|10,,
|Jan-01||11|03163|102000069|순천향대학병원|11|03163|102000069|순천향대학병원|1,,
|Jan-01||11|03163|102000069|순천향대학병원|21|07616|206000695|이매촌한신.서현역.AK프라자|7,,
|Jan-01||11|03163|102000069|순천향대학병원|23|47021|206000244|푸른마을|3,,
|Jan-01||11|03163|102000069|순천향대학병원|22|47064|206000186|동아우성아파트.효자촌.시범단지|6,,
|Jan-01||11|03163|102000069|순천향대학병원|18|47633|206000535|판교역.낙생육교.현대백화점|6,,
|Jan-01||11|03163|102000069|순천향대학병원|19|47634|206000536|백현마을4단지|3,,
|Jan-01||11|03163|102000069|순천향대학병원|20|47635|206000537|성남역.백현마을3단지|1,,
|Jan-01||12|03161|102000067|서울시중부기술교육원.블루스퀘어|13|03164|102000070|순천향대학병원|1,,
|Jan-01||12|03161|102000067|서울시중부기술교육원.블루스퀘어|21|07616|206000695|이매촌한신.서현역.AK프라자|147,,
|Jan-01||12|03161|102000067|서울시중부기술교육원.블루스퀘어|23|47021|206000244|푸른마을|90,,
|Jan-01||12|03161|102000067|서울시중부기술교육원.블루스퀘어|22|47064|206000186|동아우성아파트.효자촌.시범단지|147,,
|Jan-01||12|03161|102000067|서울시중부기술교육원.블루스퀘어|18|47633|206000535|판교역.낙생육교.현대백화점|259,,
|Jan-01||12|03161|102000067|서울시중부기술교육원.블루스퀘어|19|47634|206000536|백현마을4단지|28,,
|Jan-01||12|03161|102000067|서울시중부기술교육원.블루스퀘어|20|47635|206000537|성남역.백현마을3단지|17,,
|Jan-01||13|03164|102000070|순천향대학병원|13|03164|102000070|순천향대학병원|1,,
|Jan-01||13|03164|102000070|순천향대학병원|21|07616|206000695|이매촌한신.서현역.AK프라자|57,,
|Jan-01||13|03164|102000070|순천향대학병원|23|47021|206000244|푸른마을|36,,
|Jan-01||13|03164|102000070|순천향대학병원|22|47064|206000186|동아우성아파트.효자촌.시범단지|46,,
|Jan-01||13|03164|102000070|순천향대학병원|18|47633|206000535|판교역.낙생육교.현대백화점|126,,
|Jan-01||13|03164|102000070|순천향대학병원|19|47634|206000536|백현마을4단지|18,,
|Jan-01||13|03164|102000070|순천향대학병원|20|47635|206000537|성남역.백현마을3단지|3,,
|Jan-01||13|03164|102000070|순천향대학병원|16|78270||청계산(경유)|1,,
|Jan-01||18|47633|206000535|판교역.낙생육교.현대백화점|21|07616|206000695|이매촌한신.서현역.AK프라자|8,,
|Jan-01||18|47633|206000535|판교역.낙생육교.현대백화점|23|47021|206000244|푸른마을|12,,
|Jan-01||18|47633|206000535|판교역.낙생육교.현대백화점|22|47064|206000186|동아우성아파트.효자촌.시범단지|18,,
|Jan-01||18|47633|206000535|판교역.낙생육교.현대백화점|20|47635|206000537|성남역.백현마을3단지|1,,
|Jan-01||19|47634|206000536|백현마을4단지|22|47064|206000186|동아우성아파트.효자촌.시범단지|1,,
|Jan-01||20|47635|206000537|성남역.백현마을3단지|23|47021|206000244|푸른마을|1,,
|Jan-01||20|47635|206000537|성남역.백현마을3단지|22|47064|206000186|동아우성아파트.효자촌.시범단지|2,,
|Jan-01||21|07616|206000695|이매촌한신.서현역.AK프라자|23|47021|206000244|푸른마을|8,,
|Jan-01||21|07616|206000695|이매촌한신.서현역.AK프라자|22|47064|206000186|동아우성아파트.효자촌.시범단지|15,,
|Jan-01||22|47064|206000186|동아우성아파트.효자촌.시범단지|23|47021|206000244|푸른마을|6,,
|Jan-01||||277102436|구미동차고지앞(기점가상)|12|03161|102000067|서울시중부기술교육원.블루스퀘어|20,,
|Jan-01||||277102436|구미동차고지앞(기점가상)|11|03163|102000069|순천향대학병원|19,,
|Jan-01||||277102436|구미동차고지앞(기점가상)|13|03164|102000070|순천향대학병원|2,,
|Jan-01||||277102436|구미동차고지앞(기점가상)|||277102436|구미동차고지앞(기점가상)|2,,
|9408||5|47148|206000332|하얀마을.그랜드빌.벽산빌라|27|49607|205000250|성남시청후문|1,,
|9409||15|07553|106000470|성남시운중도서관|22|07491||지역난방공사|1,,
|9409||73|07554|106000470|성남시운중도서관|85|47057|206000094|까치마을건영빌라.구미도서관|1,,
|9409||75|07595|221000055|태영데시앙|86|47058|206000216|하얀마을|1,,
|N31||94|02140|101000041|롯데백화점|98|03151|102000057|해방촌|1,,
|N62||5|15325|114000221|신월시영아파트.강월초등학교|26|19217|118000132|안양천입구|1,,
|N72||10|14102|113000012|마포구청|13|14249|113000158|기업은행서교동지점(최규하대통령가옥)|1,,
|강북06||36|09873|108900017|강북보건소앞.번2동주민센터|36|09873|108900017|강북보건소앞.번2동주민센터|3,,
|강북09||52|09893|108900004|현대백화점.E마트.빅토리아호텔|52|09893|108900004|현대백화점.E마트.빅토리아호텔|2,,
|강북11||50|09893|108900004|현대백화점.E마트.빅토리아호텔|50|09893|108900004|현대백화점.E마트.빅토리아호텔|1,,
|관악02-1||39|21785|120900119|낙성대역|39|21785|120900119|낙성대역|33,,
|관악02-2||34|21785|120900119|낙성대역|34|21785|120900119|낙성대역|3,,
|관악05||21|21505|120900080|현대아파트후문|21|21505|114000077|현대아파트후문|4,,
|관악08||37|21502|120900082|난향동공영차고지|37|21502|120900082|난향동공영차고지|3,,
|관악11||16|21851|120000412|봉천역|16|21851|120000156|봉천역|4,,
|광진01||45|05504|104900058|정보도서관|45|05504|104900058|정보도서관|3,,
|광진02||23|05574|104900089|중앙상회앞|24|05503|104900059|긴고랑종점|1,,
|구로01||20|17479|116900097|개봉역|20|17479|116900097|개봉역|56,,
|구로02||21|17478|116900107|개봉역|21|17478|116900107|개봉역|20,,
|구로05||36|17409|116900262|오류중학교|36|17409|116900262|오류중학교|5,,
|구로08||27|17478|116900107|개봉역|27|17478|116900107|개봉역|25,,
|구로10||28|17474|116900094|대림역4번출구|28|17474|116900094|대림역4번출구|41,,
|구로11||38|17474|116900094|대림역4번출구|38|17474|116900094|대림역4번출구|31,,
|금천04||3|38520||메모리얼파크(마을)|4|38522|213000432|기아자동차정문|1,,
|금천08||43|18856|117900130|난곡중학교|43|18856|117900130|난곡중학교|10,,
|노원05||28|11819|110900054|상계주공13단지|31|11514|110900004|온곡초등학교|1,,
|노원05||31|11514|110900004|온곡초등학교|31|11514|110900004|온곡초등학교|3,,
|노원08||26|11513|110900003|상계8동주민센터|26|11513|110900003|상계8동주민센터|1,,
|도봉05||37|10503|109900114|한일병원|37|10503|109900114|한일병원|2,,
|도봉06||28|10503|109900114|한일병원|28|10503|109900114|한일병원|3,,
|도봉07||32|10502|109900006|도봉여성센터|32|10502|109900006|도봉여성센터|1,,
|도봉09||53|10265|109000179|창동역동측(도봉방면)|53|10265|109000179|창동역동측(도봉방면)|79,,
|동대문01||6|06502|105900027|회기역|6|06502|105900027|회기역|607,,
|동작06||21|20511|119900075|이수역|21|20511|119900075|이수역|14,,
|동작08||36|20510|119900076|행복유치원|36|20510|119900076|행복유치원|9,,
|동작09||12|20509|119900077|대림현대아파트.사당3동주민센터|12|20509|119900077|대림현대아파트.사당3동주민센터|7,,
|동작11||36|20507|119900078|사자암|36|20507|119900078|사자암|4,,
|마포05||11|14498|113900301|홍대입구역|11|14498|113900301|홍대입구역|9,,
|마포06||34|14497|113900300|홍대입구역|34|14497|113900300|홍대입구역|31,,
|마포09||42|14495|113900284|망원유수지.마포구민체육센터|42|14495|113900065|망원유수지.마포구민체육센터|8,,
|마포11||25|14989|113900230|신촌역|25|14989|113900230|신촌역|7,,
|마포12||25|14989|113900230|신촌역|25|14989|113900230|신촌역|5,,
|마포18-1||18|14606|113900006|DMC빌|20|14611|113900314|상암월드컵파크6.7단지|1,,
|서대문01||20|13510|112900002|삼성빌라|20|13510|112900002|삼성빌라|3,,
|서대문02소||5|13941|112900160|영천동|18|13509|112900157|뜨란채아파트101동|2,,
|서대문05||26|13507|112900180|북아현삼거리|26|13507|112900180|북아현삼거리|5,,
|서대문08||19|01278|100000180|상명대정문|19|01278|100000180|상명대정문|3,,
|서대문14||21|13500|112900227|정원슈퍼|21|13500|112900227|정원슈퍼|3,,
|서초10||39|22380|121900011|서초구민체육센터|39|22380|121900011|서초구민체육센터|1,,
|서초11||37|22267|121900008|예술의전당|37|22267|121900281|예술의전당|6,,
|서초22||12|22157|121000081|남부터미널|12|22157|121000081|남부터미널|9,,
|성동01||28|04872|103900218|옥수역4번출구.한강버스선착장|28|04872|103900218|옥수역4번출구.한강버스선착장|29,,
|성동03-1||37|04504|103900022|신금호역|37|04504|103900022|신금호역|9,,
|성동14||13|04887|103900272|응봉역.광희중학교|13|04887|103900272|응봉역.광희중학교|3,,
|성북02||38|08459|107900256|한성대정문|38|08459|107900256|한성대정문|12,,
|성북05||11|08456|107900272|정릉2동주민센터|11|08456|107900272|정릉2동주민센터|7,,
|성북08||19|08453|107900284|신안APT.길음초등학교|19|08453|107900284|신안APT.길음초등학교|6,,
|성북20||37|06591|105900002|고려대역3번출구|37|06591|105900002|고려대역3번출구|5,,
|성북21||36|06591|105900002|고려대역3번출구|36|06591|105900002|고려대역3번출구|12,,
|성북22||23|08846|107900326|세계문화유산정릉|23|08846|107900326|세계문화유산정릉|1,,
|영등포01||45|17909|116900161|신도림역2번출구|45|17909|116900161|신도림역2번출구|76,,
|영등포02||33|19778|118900010|한신아파트.선유도공원|36|19504|118900004|한국환경수도연구원|1,,
|영등포02||36|19504|118900004|한국환경수도연구원|36|19504|118900004|한국환경수도연구원|1,,
|영등포08||16|19990|118900195|영등포푸르지오후문|16|19990|118900195|영등포푸르지오후문|5,,
|영등포10||13|19307|118000216|대방역|13|19307|118000216|대방역|43,,
|영등포11||10|19307|118000216|대방역|10|19307|118000216|대방역|65,,
|영등포12||27|17102|116000016|신도림역|27|17102|116000016|신도림역|20,,
|용산01||19|03502|102900009|순천향병원|19|03502|102900009|순천향병원|2,,
|용산02||36|03501|102900065|한신아파트|36|03501|119900124|한신아파트|22,,
|용산03||32|03500|102900010|하얏트호텔|32|03500|102000081|하얏트호텔|18,,
|용산04||28|02104|101000012|서울역서부|28|02104|101000012|서울역서부|43,,
|종로01||22|01570|100900092|아름다운가게.정독도서관|22|01570|100900092|아름다운가게.정독도서관|1,,
|종로02||25|01856|100900045|통일부|27|01881|100900110|성균관대학교|2,,
|종로02||26|01860|100900203|성대후문.와룡공원|27|01881|100900110|성균관대학교|1,,
|종로02||27|01881|100900204|성균관대학교|27|01881|100900110|성균관대학교|5,,
|종로03||30|01506|100900039|낙산공원|30|01506|100900039|낙산공원|2,,
|종로05||28|01505|100900044|서대문역3번출구|28|01505|100900044|서대문역3번출구|21,,
|종로09||19|01502|100900041|수성동계곡|19|01502|100900041|수성동계곡|3,,
